DeliveryAddressID,CustomerID,Street,City,State,ZipCode,Country,RowHash
39e88240-39ea-4396-a98d-71a1edef749f,fc2265ba-8133-4e60-af32-0b135f4fc3cf,57202 Lucas Creek Apt. 536,Paris,Île-de-France,75001,France,8ff79b08331cc28a1dd32fdbfd91bc2b
aacfea79-6840-4703-8de7-3511990536b2,abc2f41e-ab8f-430c-9677-705f4343b0ec,3963 Simon Rapid,Toronto,ON,M5H 2N2,Canada,d64c08d11581883c8830ba0945318f97
1bccc949-558d-4e22-8af6-c91391072801,6b429bc0-656f-47dd-9580-28efbaf20c9b,3625 Fleming Land,London,England,EC1A 1BB,UK,962c1f821a5169a758f582b95519a2fb
6919b3c9-0d16-4770-a5b9-cb60eb9e66b0,2eb88cd9-93aa-4403-b930-4d0d8ababa21,190 Kristin Coves Suite 078,London,England,EC1A 1BB,UK,887b9c8b106be4dcde924bc2447819bc
50f0f67f-ad04-4758-86d2-334c4238bbdc,0e725382-cfa7-4eea-b824-68123317826d,117 Hill Shore,Helsinki,Uusimaa,00100,Finland,8b809b9ed86350cbfe14da51cc78ed27
d2c43b4e-310b-4883-8680-463039709a33,5638cc23-cfdb-40de-9577-4997569c48f3,67524 Holt Lake Apt. 712,Los Angeles,CA,90001,USA,4091f148eb87136fad0517268da30291
ed089f60-5544-4f5e-84f4-389158a333f3,11c38e31-9cd1-4350-ac64-1e541ef9fbaa,258 Rodriguez Dale Apt. 875,Chicago,IL,60601,USA,435cb90b2629214ad7e98b1d44f5ae2e
75a5f3c5-01eb-4b1c-9d9a-d3d8f831b494,ecd4feda-08f5-4652-80fd-4406a1316c5d,89005 Mcdonald Cliff Apt. 943,New York,NY,10001,USA,bb7c126b00c1702f928272ca8fad1350
319ac20c-8573-4493-9936-7c18eb9ac205,66beab47-39b9-4dca-b770-73f070a08070,0448 Ashlee Mountains,Los Angeles,CA,90001,USA,1348b3c60427d43658955c4866864b58
ccd65fca-d392-4f78-8dfd-824be0b675f4,eb0851e2-3417-47e5-b97e-36ebf487607f,008 Sharp Springs,London,England,EC1A 1BB,UK,4cab738356bb2dd99476ac3388baa53a
fe0f2a59-ce43-423f-b8d2-8bc9982843fb,a8fcbccf-0403-4a4c-a900-7f5c87ef1aec,797 Joshua Trace Suite 742,Toronto,ON,M5H 2N2,Canada,f9b1d1262a5401b58179e40f8fff83c3
a1cb0383-0579-438a-8873-6a3248d8ca05,270a78d4-d980-45c3-bf41-9c12bdda3546,21596 Berger Plain Apt. 927,Helsinki,Uusimaa,00100,Finland,c05b32d2189bb42aeb7ffa84522cc707
bf945068-e727-489a-b3c8-6340cabee194,829df66c-a6f3-474c-bc06-48d34aa71c44,73937 Valerie Fords,Paris,Île-de-France,75001,France,419aa27b1741b92ae0aa134b68a9d7a7
257a5f85-34fe-43e4-adfe-f3c677e80ae1,d86011eb-bd81-4aee-b905-18ffad895411,567 Nichols Run Apt. 097,Berlin,Berlin,10115,Germany,b1ffc4305839e5e1003995e3a17f2e48
826a9f79-6541-4075-b09c-788c598818a3,035765ce-dcbc-478b-b43f-f38992c442ff,937 West Port Apt. 708,Helsinki,Uusimaa,00100,Finland,776f332570636f87f9f65bdcee5dd9fb
90cc4739-b898-48b3-8443-43bdcb84f0a5,98079c5e-8c4a-4564-9ca5-658f9db89953,3166 Brown Forks Suite 484,London,England,EC1A 1BB,UK,673a209760440289a200a348bfd39e7a
2c428df6-b268-4902-aff1-da08d78f075b,d00399b5-89cb-48fa-8d60-5ea1f649b655,1177 Rick Freeway Apt. 248,New York,NY,10001,USA,c2e60d175bbe34161c57105c5d2acfbf
681cecff-5014-42ab-9c2c-fd3d56f75d66,fbd733a9-47d4-4e40-88be-709357213476,813 Bradley Stravenue,London,England,EC1A 1BB,UK,a25376268e7e14429eb6d2638086a1b2
88833522-795c-491e-936e-e5737928392f,07a7c40b-1082-478f-be65-ed92db3c2b5b,57522 Mayer Island Suite 483,Manchester,England,M1 1AE,UK,2c17555e82b7c486a7f3b4029032a59e
1d798735-7504-4bc0-87bd-8ea3991b9f3b,cca906af-6247-4f65-82be-311947bfff74,2293 Monica Creek,Vancouver,BC,V5K 0A1,Canada,2cf38ef40148003126d74ad4609b3a57
da9c7a0a-61bb-437f-b131-7f4e285d07df,e859ce9a-a9dd-43fd-9cd7-bf1bd8c13964,9685 Melissa Keys,Berlin,Berlin,10115,Germany,64ddf0ee965f1f2a77df685ccdfe17b9
7fb4c252-ab2e-453e-8f51-5e09d82c26ae,e52160b8-9208-4ee8-b49e-702370bb38e0,854 Donald Via,Paris,Île-de-France,75001,France,8490b2ce1623af84bb585b09647ff59c
ead91639-20d9-43a0-aefc-66aca9febe2e,8a2b7c00-2a2a-434d-af0b-86e03d94e54d,866 Hailey Coves Suite 631,London,England,EC1A 1BB,UK,1749cd1aae4e9b96feb9b263c9d28ee3
eb347fa2-3a39-4cff-9c6e-63f3c9544313,9b1ddb4a-54b2-4afc-bce8-defb8d65c1f3,77014 William Ramp Apt. 044,Los Angeles,CA,90001,USA,f80f5a80a43079de46e4a7f91cb6214f
1f46fb2d-86d3-4569-a6c7-000d7c9801f6,a8fcbccf-0403-4a4c-a900-7f5c87ef1aec,58521 Rebecca Crossing Suite 992,Chicago,IL,60601,USA,7337f7083f278e42432e8f9b43df7097
911570ac-99b8-40f1-8b50-17ca45b826af,cc7e6efc-6c65-4b2c-9314-ee7b451acbdf,7057 Leach Drive,Los Angeles,CA,90001,USA,ed6e47f8d0225608d335e9ea0213c98b
963c2af6-4277-420e-bb01-f0ed2a420073,9d69cc1c-f492-4f69-938c-91efee85a672,3335 Diaz Fields Apt. 946,Paris,Île-de-France,75001,France,a2550ddff179a8f9e63cb9c403fcaab1
ae7dabee-058a-45ad-9530-cf8494f25e26,fc2265ba-8133-4e60-af32-0b135f4fc3cf,28845 Stephanie Ramp,Berlin,Berlin,10115,Germany,be6494a6062fd2f7f9802b1cb1cdf55c
af0187a3-7f74-4e7b-804b-cdf172da2583,d00399b5-89cb-48fa-8d60-5ea1f649b655,933 Jimenez Falls Suite 970,Vancouver,BC,V5K 0A1,Canada,52bb66d278025c0a623bf43186be31f5
ace5ccf6-24de-42e2-9366-617d2e09b3d4,788d99f0-9972-408f-858c-28268e4d1d93,279 Amy Garden Apt. 381,Paris,Île-de-France,75001,France,b25d801241d3e87bc13f16ed973f54d8
e101a301-be46-4927-a3cc-48131f3770af,7f191b14-927f-4975-84a6-4139f6dc9dae,750 Hoffman Square Suite 558,Toronto,ON,M5H 2N2,Canada,c70ca7a053bb1dbf561f1517768783ef
8cba42ba-5163-40cb-bca8-06dbaaab6882,545d1542-4e1e-4804-851b-400d5b020f68,354 Mccarthy Row,Helsinki,Uusimaa,00100,Finland,5a0a6e614992febdf1a33bdb66c3f74b
0d44bf7c-f8d8-4f13-88ff-d0fc662e7075,11f5a691-d739-491e-8a3d-0cac3ba34fc5,28975 Jennifer Ridge Suite 886,London,England,EC1A 1BB,UK,3965cf253d0944aa8dfa13cb9b92827d
3b06dddc-5a5a-40d7-b315-7f9cf78437d7,2998fa4a-22d8-4603-a0fe-09f27c36a0db,02569 Christine Streets,Berlin,Berlin,10115,Germany,f3c58d5f61adebdc60e50835af054fd5
e01661ee-2a17-4ca5-b8f9-9f10fdd04d76,efd12b55-23e9-4f58-a207-35e1da7e7afe,699 Schroeder Haven Suite 898,Toronto,ON,M5H 2N2,Canada,1aa99a1b5144aaa96088a2a3dea3950c
c0698b40-86d4-4ab7-8fce-53b9836a4544,7f191b14-927f-4975-84a6-4139f6dc9dae,327 Rogers Groves Apt. 555,Toronto,ON,M5H 2N2,Canada,b47fd630c3c779a57b03ea42d2bf2b29
c11ee221-aabb-4a66-b2da-7e3f7146e4f6,788d99f0-9972-408f-858c-28268e4d1d93,348 Smith Locks,Manchester,England,M1 1AE,UK,811819781e7a3a9dc5eab5a5d4be1c12
7a66022e-4953-44a2-bfc7-33118251da88,5638cc23-cfdb-40de-9577-4997569c48f3,995 Campbell Green,Helsinki,Uusimaa,00100,Finland,cd2c2b33e6ed594af91182b52285a439
aea84920-413c-41f6-9fd3-ca9641a2d2e2,84f6c6dd-37d3-4909-801e-b3d78f3e8099,289 Smith Expressway Suite 898,Paris,Île-de-France,75001,France,fb8b910b9e1173e9ff1c41f668c2ab45
c329215e-dc3b-48da-a603-521bce33c594,035765ce-dcbc-478b-b43f-f38992c442ff,11858 Robinson Ford,Los Angeles,CA,90001,USA,912c4862e0113e44a654ccd0507cee26
fbd55cf5-4f93-42f4-b7e0-ee9e2bd58c63,f794693d-2fce-4b93-9462-2e86678f3a10,578 Wall Key,London,England,EC1A 1BB,UK,2767580e6434eb862d839764b88ff61d
3417a0ae-f989-4de8-b220-31939bb43dfb,ee85931e-020f-4408-8af2-2b9bf4edd7b8,525 Huang Circle,New York,NY,10001,USA,737b2bff898a8ce4a6f26358b1eaabf6
64e08650-223e-4218-9d9e-f36adc6646b8,1839e3f3-d986-40e7-b0da-022e91928a13,00381 Kaylee Mission,Helsinki,Uusimaa,00100,Finland,ad62dcc7fe2f4c1dde7d227e3693f0cd
e3b3d448-ea1c-4851-b6dd-753a3db0ef77,fc6dcd99-4fd3-49f2-aac7-18023820fe39,26009 Brian Cliffs Apt. 807,New York,NY,10001,USA,743e23e2685b37419704b0bd9cbda74e
83a844a0-105b-4f03-983d-a326e8cb8078,bc0e387c-0b60-4a80-9ee9-45178de8cb66,944 Scott Tunnel,Manchester,England,M1 1AE,UK,d6db4f4e7026972a8c85e6d702a7c501
0660df08-a231-466d-b7b0-dd62c59fa840,abc2f41e-ab8f-430c-9677-705f4343b0ec,69640 Cruz Plains,Manchester,England,M1 1AE,UK,6d012ac363a8ab0e3d93e07381daca22
a1300771-d8c1-46a9-96b5-bed01a6d05b9,86664865-4e84-4896-b9b1-3d58a3c19a13,18634 Higgins Island Suite 706,Helsinki,Uusimaa,00100,Finland,41bef8f28b37a0f015aec53fd6357c96
2a39774e-b5e9-4e33-b814-7ce932fcabbc,15da51da-ad36-4db6-958f-37f69e74b4b6,780 Collins Mills,Chicago,IL,60601,USA,28f01e049cffda216ed7600da55334ef
e01f2068-19a9-4697-b5d7-26199e6cd386,bb8f9480-8fc2-46ac-8f93-942acc115626,98997 Daniel Overpass,Paris,Île-de-France,75001,France,b6839ed81b93d365a9246efee1bad2d6
220a4e50-d685-4276-ae70-41424443a057,3bb1717d-21cd-470c-9e89-3c63077a1359,15887 Christopher Islands Apt. 331,Helsinki,Uusimaa,00100,Finland,02a418ccce917f344ad24e1dddc06a6b
fd9548a2-27c8-4294-b1bc-43237b767eae,e859ce9a-a9dd-43fd-9cd7-bf1bd8c13964,35253 Earl Plaza Apt. 274,Helsinki,Uusimaa,00100,Finland,9cc28800356ebfe13b37539adcfeb7b3
43daab84-c77b-400f-8ccc-7dfa9577a7e2,6ade7926-18a4-43be-bb13-3e4a5b1f455e,190 Joan Trail,Helsinki,Uusimaa,00100,Finland,6f7c0cb27bc7b0155e58f921f6563c64
a4482a38-69fd-4b22-84aa-923908c28151,66beab47-39b9-4dca-b770-73f070a08070,28401 Taylor Forges,Toronto,ON,M5H 2N2,Canada,b6a5b39d3d8a846157a8a047cca70db0
567bf477-d5f2-4dc5-8ecf-109572ebb42f,68bdc8a7-ac0a-4ba3-a509-ce917bde451a,467 Welch Squares Suite 268,London,England,EC1A 1BB,UK,56d60f93489fbe21cac0841b6f304736
693a345d-8e5b-4abc-b2b1-9d5ecf7384e2,653cd13f-483a-49af-9e45-04707ae1508e,268 Lisa Island,New York,NY,10001,USA,94d660db430db733b1c5adf1480aea43
18f7f149-31da-4cd0-9ac2-abd99c136852,df600f99-242b-4e78-acfa-07fe39eabd9e,38291 Franklin Pass Apt. 491,Los Angeles,CA,90001,USA,7e3c3f7b46e809db5ad575a78596ee2e
5fa7b3df-6000-49e0-80b8-86e3c0e84928,7c5d467f-5fb0-4f77-905f-8acef67d84a3,0015 Sarah Stravenue,Berlin,Berlin,10115,Germany,a2e932cda0167b6afbe4b00429557e01
6f9d956c-8051-44b4-a7fa-b3a2f7f6457f,653cd13f-483a-49af-9e45-04707ae1508e,0744 Stephanie Shores Suite 782,Berlin,Berlin,10115,Germany,6200c08bc4e1cd2b4efe93fece3f22ac
325f6c33-b8e6-445e-95f7-028a1e410a1f,67403e9f-0231-4a15-848a-d9cea4795a2a,3891 Cox Branch,New York,NY,10001,USA,91be331ba74c35da54e8175fcf23148e
43fe29c0-68fc-487c-8245-efa9967d3391,9de85a38-608f-45f2-b25f-78aab3924fa9,4202 Adams Hollow Apt. 859,Manchester,England,M1 1AE,UK,5494a53d8462a90b64d493276249e02c
c1348760-412d-4d43-b70a-aa8153853e79,85c32511-7f37-4de1-882f-2efa8040dea4,52924 Heather Turnpike Apt. 425,Chicago,IL,60601,USA,c89429a3683bb99487cf18b586d030c9
2924bb05-f956-4bb5-b63f-29986c3c750f,7f191b14-927f-4975-84a6-4139f6dc9dae,29913 Lin Camp Suite 722,Paris,Île-de-France,75001,France,169cb94eeeca363d562670200b1dd8b9
548852f7-355d-4359-8305-ef65b40db2b5,68bdc8a7-ac0a-4ba3-a509-ce917bde451a,1463 Isaac Mountain Suite 593,Toronto,ON,M5H 2N2,Canada,38a4f9514dee750dc2d3a113e1db19e9
19c1f742-3318-40ff-b82d-ec4856a5d0ec,9e99f1a9-2f4f-4656-b1f9-52feeb5fe236,0699 Brooks Stravenue,London,England,EC1A 1BB,UK,26a5c2b3ae2c57e860d6e3af7311d297
1264ea79-7d5e-4175-b891-6ed8bb35ba27,796b2e76-cb5e-45a0-bba5-55e3896f4a19,57249 Kendra Port Suite 640,Chicago,IL,60601,USA,fa454d2859588b46b9b47479b2d4843e
0f534dff-5ecc-47ff-b07f-f9030d346f1d,0094c41e-8408-4846-b185-fbf114db7a0d,696 Graham Burg,Chicago,IL,60601,USA,ad9ca7645c88bcd81321cc3c1b854e97
3b68bca9-3d35-407f-a719-6acc56c6914a,6b429bc0-656f-47dd-9580-28efbaf20c9b,4423 Smith Trail,Chicago,IL,60601,USA,d6032c0dfe8c2d8324d43bb324b500de
9a1441d8-5232-45b9-9140-0796d0237566,1d301ea7-8438-4977-bbde-d4ecb1b9ca1d,55105 Vanessa Oval Suite 786,Vancouver,BC,V5K 0A1,Canada,1789db57ed069af5192f04fe12164ee1
4bdce2dd-b85a-4b4c-8585-3b64c073b2df,cc7e6efc-6c65-4b2c-9314-ee7b451acbdf,235 Gray Estate,Berlin,Berlin,10115,Germany,0e9e2e1e7bde80dc7e7ea41947df564d
b88f2843-7af3-4de7-aaff-63f20cf6b65b,7c5d467f-5fb0-4f77-905f-8acef67d84a3,091 Nancy Meadows Apt. 236,Vancouver,BC,V5K 0A1,Canada,5d5234161a4a2610f7b167fe0d7a3b11
53310ecb-e6a4-4725-98e1-469212d0d0ae,86664865-4e84-4896-b9b1-3d58a3c19a13,3786 Benjamin Mission,Berlin,Berlin,10115,Germany,c2a61a84819ddccdd97c6f8ea7d5719a
acbfdd5b-bf27-4d97-bbe8-88c1a2fc506c,93a2faf7-17c8-4513-b63e-f27c8b36314e,31688 Rose Gardens,Los Angeles,CA,90001,USA,efce189edd173d5d26c51f01bcb0e310
7e4d41a9-2020-490c-9930-8d513f47846f,a5cef112-752a-40ba-b573-df00b771d56a,231 Torres Junction,Berlin,Berlin,10115,Germany,95f85b8c0955d79c053b8dcebd3aeaeb
a4f52aa7-70de-4ce9-820d-f07f1cb640ca,5638cc23-cfdb-40de-9577-4997569c48f3,9170 Dunn Bridge Apt. 071,Manchester,England,M1 1AE,UK,aaca5431818852b05fd2ac993e2222d6
5e04a245-9b3d-4ed3-a2a6-e4292bb6875a,1839e3f3-d986-40e7-b0da-022e91928a13,0109 Palmer Expressway Suite 411,Helsinki,Uusimaa,00100,Finland,49d3721bc4c739078a8066028f2504b5
9c2b9313-a068-4b81-b3d6-7eb21f04cb55,a0d03e66-36a9-4e3a-b061-90884a47209d,97303 Lindsey Land,Vancouver,BC,V5K 0A1,Canada,3db550777feb0aefc860f53ef0f5bbc5
b6e42e75-6273-4147-888c-dc1957a5d2a6,86664865-4e84-4896-b9b1-3d58a3c19a13,681 Moss Meadow,London,England,EC1A 1BB,UK,c5d4ab7469c252284011390c18cc63fb
5c936911-5f25-4c1d-9da5-15266914c59a,19a564d4-ed76-41b2-bf45-d41d8500da78,76432 Larsen Cove,Paris,Île-de-France,75001,France,363875b546c0b6f435b53e92ea8d30fa
a8c05f90-9e6e-4235-9857-2c47f99a1f4b,f69962ca-a6b4-4464-878e-59ae6b43b6f8,43822 Love Way Apt. 951,Helsinki,Uusimaa,00100,Finland,d764dbd6529ce5eeda932f6d898b249f
8d4302bf-5067-405f-8189-c3571cf1c90a,e27170d8-ce33-4bf7-8f25-44b9c31f435b,84102 Johnson Orchard Suite 260,Chicago,IL,60601,USA,aee3602ebbf63d5dbdd96f8beb456bd2
2da1ee08-2ee0-4815-9887-36c0304ff202,2cc9a5a2-91d7-492b-8d35-7118e35f4dde,5431 Jeffrey Squares Apt. 963,Helsinki,Uusimaa,00100,Finland,8939b6c45f9361f1fdad9d2394ea716b
bfa9e115-4bd3-4965-ac7e-93e5fbd51b76,dbe6c8e6-7cc4-477d-ab61-f3f2e5dce341,4019 Thompson Estates Suite 220,Los Angeles,CA,90001,USA,6a577b5695aed489dac0d72ffbfeb2d3
b5aa15c3-1f9c-4299-8926-4542bcbadda4,85c32511-7f37-4de1-882f-2efa8040dea4,30062 Brian Island Apt. 478,Paris,Île-de-France,75001,France,31ca8aae729b0d3154ec20c07bae2995
c2f45592-66e5-4380-977c-fd1941eefa1f,9e99f1a9-2f4f-4656-b1f9-52feeb5fe236,7345 Park Walk,Manchester,England,M1 1AE,UK,25824c36ac3b2adc033142c7f8b754dc
83917e10-afa6-440a-8774-ef0246df6a5a,df600f99-242b-4e78-acfa-07fe39eabd9e,465 Jenny Orchard,New York,NY,10001,USA,7dab8f2a6081a23d05d30fe6a322d893
8e631e52-7132-4720-b377-10eab7e23066,11f5a691-d739-491e-8a3d-0cac3ba34fc5,988 Robin Junction Apt. 991,Helsinki,Uusimaa,00100,Finland,9b1e51c1b62beffaf078d95ed0339a7b
7ed712f8-bf65-4e16-95df-72cc4c0ddb95,0e725382-cfa7-4eea-b824-68123317826d,3766 Roy Land Apt. 772,Vancouver,BC,V5K 0A1,Canada,fd4a099b72aa2ca13cc5f13496866c31
08bf9ca9-92a6-4bb6-989a-c5604c71650c,7f191b14-927f-4975-84a6-4139f6dc9dae,7441 Clark Lane Suite 086,Paris,Île-de-France,75001,France,68d48b3f9bc15903fb32ada20ecc1453
f95f6937-ba2c-4d68-b46b-780d2298027d,3046e874-7757-4321-a055-3edea53305ef,8994 Dana Points,New York,NY,10001,USA,c0d618b2ae6a397f010bf11eff155047
3f09bb4d-8b0a-4a84-bf1b-4cdbaf46c9f3,7c5d467f-5fb0-4f77-905f-8acef67d84a3,49687 Stephanie Plains Suite 561,London,England,EC1A 1BB,UK,af3b50ddca6abdd7a02cfc82ce7d36bc
c023d91f-78e6-4375-a94f-f2d391f35887,cca906af-6247-4f65-82be-311947bfff74,349 Jennifer Stream,Paris,Île-de-France,75001,France,5959d5884163dfadd210227902bedb42
80d1ae65-24b4-49dc-8d34-a9ec7a16d7a1,1d301ea7-8438-4977-bbde-d4ecb1b9ca1d,5503 Sara Ridge Apt. 888,Paris,Île-de-France,75001,France,0c0a73d1e82f8bf1de5589d695d93ead
a0ce69b8-6a74-4f7a-a1fc-3f4185538730,ee85931e-020f-4408-8af2-2b9bf4edd7b8,563 Williamson Mountains,Helsinki,Uusimaa,00100,Finland,d7d0e607ff4120a7268a4086c575203e
d382c8bd-5230-46ac-91b7-435b3d1928b0,0475a1c4-c35b-4ecb-be0a-6103af0e3d5d,678 Sarah Prairie,Paris,Île-de-France,75001,France,c0a1a703222b2ce62d5db4a3d5a9c35e
7f20df40-1fa2-4453-9795-a36d9b91a4bd,32c5b93f-8271-4c50-a62b-e8f545caaa6f,23142 Cory Shore Apt. 534,Toronto,ON,M5H 2N2,Canada,48b3186f6910608c92e348134673b0f5
10774de1-36af-4463-87e9-d5c7166dd305,d86011eb-bd81-4aee-b905-18ffad895411,4440 Mercado Throughway,Chicago,IL,60601,USA,4bcc39461d927dc9f35f5f2eae5882c7
df18fb4e-60d8-47ed-8d67-da85bef13ad5,653cd13f-483a-49af-9e45-04707ae1508e,12596 Calhoun Unions,Vancouver,BC,V5K 0A1,Canada,a69bdb7cdf70383820af7a2511acf1b6
db5c9126-97c3-46e5-8099-f7cfb0b830f7,33a546d5-7808-4799-bc38-8b809d0c5ed7,561 Jason Field Suite 301,Vancouver,BC,V5K 0A1,Canada,26e6db5de16c2be1367b0cffe36810a3
421fd088-42f3-40a8-8050-5be6375e871b,66beab47-39b9-4dca-b770-73f070a08070,3395 Mcmillan Lakes,London,England,EC1A 1BB,UK,005c4035c2b2f4b0357f60dc91d33814
8dffdc9f-efdd-4cbb-bdfa-02efd7b8234b,df600f99-242b-4e78-acfa-07fe39eabd9e,8977 Garcia Mill Suite 514,London,England,EC1A 1BB,UK,7eb45567f2334224090410c05f46e8c8
9939323a-354d-49e4-8b4a-3978be3ec90b,fc6dcd99-4fd3-49f2-aac7-18023820fe39,1009 Munoz Brook,Berlin,Berlin,10115,Germany,17c660aadb47fc4f2e0f94d518ed0c99
72707ba7-9f3d-4a2f-902b-52928f9bd0bb,017092b9-a700-41e2-8365-eeeddf441c3d,81366 Austin Lights Suite 102,Los Angeles,CA,90001,USA,8dc9ad9e475ae2431391c848ddb42675
48ab4675-0827-4c8e-90f8-9b7dc04dab8c,d00399b5-89cb-48fa-8d60-5ea1f649b655,17451 Joseph Mount,London,England,EC1A 1BB,UK,a40133ede0a1b10417d0d5660f729a64
656d2d9b-8957-46f6-bf11-73ac28bf1d69,9a261f6c-478e-4a10-96ad-4b76e6f7f43f,01106 Aaron Avenue,London,England,EC1A 1BB,UK,ed17e0dfe203396bbc0c8310a20d582b
33ccc206-8f7a-491e-ae80-504bf331a8c4,f794693d-2fce-4b93-9462-2e86678f3a10,737 Paul Extensions Suite 555,Helsinki,Uusimaa,00100,Finland,91ba72733412f461debd87e98056f10a
8942fb09-0fc0-4f65-81f9-ae9a2b7da5fd,a5cef112-752a-40ba-b573-df00b771d56a,513 Francis Dale,Paris,Île-de-France,75001,France,ab8b44ffe64090182f49f3464bae3cdb
38874424-822a-41c0-92cf-e83f4bbb79c0,545d1542-4e1e-4804-851b-400d5b020f68,5098 David Roads Apt. 569,New York,NY,10001,USA,f1bfde68c2c76dcebda4ee0a4800e611
84ae2b01-7a1f-45e0-b4b9-449ce76468eb,85c32511-7f37-4de1-882f-2efa8040dea4,045 Aguirre Trail Suite 714,Vancouver,BC,V5K 0A1,Canada,47eec69cd00e6bcdf351014515c3cd4c
b72c44d9-a55d-41bc-bee2-6e8e9a31eb02,a8fcbccf-0403-4a4c-a900-7f5c87ef1aec,1200 Heath Key,New York,NY,10001,USA,333f5295d2a6276cf9407bf76df34338
4683c128-41bf-47af-9a7b-398ff4f0085c,15da51da-ad36-4db6-958f-37f69e74b4b6,8284 Lisa Isle,Toronto,ON,M5H 2N2,Canada,173282f99b52389beed29c0d8b643b2a
e0be6004-a4ff-4300-a765-063787258401,fc6dcd99-4fd3-49f2-aac7-18023820fe39,586 Hoover Glens Suite 302,Helsinki,Uusimaa,00100,Finland,33fa2ff5ed121aea72b776083e13004b
8c5be9e4-6e76-495c-92a4-c224663e073f,fc2265ba-8133-4e60-af32-0b135f4fc3cf,911 Barber Inlet Suite 618,London,England,EC1A 1BB,UK,599fb281623506bf8e863d33a0a73e1d
0e4515bc-ba37-4f90-96cd-0e90d12febc8,e859ce9a-a9dd-43fd-9cd7-bf1bd8c13964,20540 Romero Trail Suite 576,London,England,EC1A 1BB,UK,1feb2a9ea61103ba3ebcf729c559098b
1968da13-609a-4726-801f-e33834bc868e,c0e366b0-4820-408e-94df-b7532085e9c5,4132 Justin Meadow,Chicago,IL,60601,USA,1c248e5737b76b70e96fcc0a7e5151b3
5d10dad9-59d6-4a5e-b369-024ff8655604,1839e3f3-d986-40e7-b0da-022e91928a13,7818 Harris Rapids,Vancouver,BC,V5K 0A1,Canada,6b0924b29ca81dd86672354b3ed4e7d1
2b1a5d2d-4ba0-4433-9dc3-99fffa6c856a,6ade7926-18a4-43be-bb13-3e4a5b1f455e,578 Ramos Way,Toronto,ON,M5H 2N2,Canada,5b916d2f39d06222e2f172bef5e23d74
9092a6f0-80da-488b-b55c-58670f1efc46,e6dfc052-6a5e-4aa6-aca6-ff3581a23a84,54767 Solis Run Suite 313,Los Angeles,CA,90001,USA,8ef86b090e511c6fa05dced27f4e1f97
86f1cf64-da83-4fda-8fe4-25fd2ce263e5,15da51da-ad36-4db6-958f-37f69e74b4b6,8236 Sandra Park Suite 237,Berlin,Berlin,10115,Germany,2ab6743df077a4565edadbef54e94ccd
f5539e3a-000e-4d5d-bdcb-8dcc50548f37,5e419f86-6e6b-4b45-a140-d03228124ecb,51717 Olson Shoal Apt. 228,Paris,Île-de-France,75001,France,3fc1776f08298e71a37452e4ed1de0ae
487d2bed-3035-469f-bef3-5771a198e31e,efd12b55-23e9-4f58-a207-35e1da7e7afe,1381 White Springs,Berlin,Berlin,10115,Germany,fc5b2b3b511ea85a88d9bc68523bb36f
e8daf634-7777-43c2-9162-758ba5fa6432,67403e9f-0231-4a15-848a-d9cea4795a2a,87340 Ricky Orchard,London,England,EC1A 1BB,UK,c911a25ccf3193952fb33c44e6eca941
89df6cae-6d97-458b-8e81-51a70034b782,eb0851e2-3417-47e5-b97e-36ebf487607f,2952 Jessica Summit Suite 293,New York,NY,10001,USA,27195d339a4ad0975cfbd9e502b21b48
e5d21054-1398-43ec-b456-4d73a5677933,67004733-16a8-4c2f-9db5-f4bcfa0a4a3b,7452 April Manors,Helsinki,Uusimaa,00100,Finland,fc664d0fe1852b611452856aaaa1fbd7
1141f2f9-09a4-4177-bc20-41438506c269,19a564d4-ed76-41b2-bf45-d41d8500da78,5981 Wolf Forge,Vancouver,BC,V5K 0A1,Canada,474dbd9f47119db03a44e1fcd127c86d
f1b2386d-3c55-4346-b3b3-a0d92f93fd96,33a546d5-7808-4799-bc38-8b809d0c5ed7,60124 Kathleen Meadow,Helsinki,Uusimaa,00100,Finland,d033ade4ac91047585bd9850d12881a9
7eca7942-7964-4eff-9f2c-29abd711a817,bed734db-9554-4ebe-b415-628b657962d6,60827 Michael Station,Vancouver,BC,V5K 0A1,Canada,5c2b47058e7ffda58e7b303a700b8e31
3354189d-0c59-4163-b5bb-78b0f2f3e255,c8a37272-48fa-44ed-a432-b26ea868a892,584 Kelly Knoll Apt. 810,Los Angeles,CA,90001,USA,06e7991ecd9b0b09c39c99cac99dee7d
eb5971b5-a596-4280-8f86-dbe8e094cb45,2c063f55-8e12-40f5-82d1-e02e8211dcaf,99389 Perez Landing,Los Angeles,CA,90001,USA,233d8ea14c721a13457ce130fc46fd14
324452f4-b800-41dd-8856-3fdb474f92ca,f794693d-2fce-4b93-9462-2e86678f3a10,13358 Thompson Parkways,Vancouver,BC,V5K 0A1,Canada,8e102533eefc102a8bedf59d26449198
18289e83-60d3-4ea9-8127-f22dec7fbcf3,1d301ea7-8438-4977-bbde-d4ecb1b9ca1d,38504 Roman Walk Suite 010,Paris,Île-de-France,75001,France,7141dbbf23c5fdc85888b13345d4cd53
961b34c3-6b56-4407-9e63-b104bd5c4027,90448626-31aa-4d65-a854-dab84c21bac0,3290 Brandon Springs,Helsinki,Uusimaa,00100,Finland,0f6c4153cd1ad5a044a5ef71ae1455a0
5a131ceb-11c6-4217-aa4e-8ee1a6450217,545d1542-4e1e-4804-851b-400d5b020f68,99893 Neal Canyon,Vancouver,BC,V5K 0A1,Canada,8916cb771b6a29b52aaf8e6eda470fdb
c8502150-a670-4888-9969-08899bb8da74,a9cda48f-5bc6-47eb-88d3-50606128be2d,31256 Jones Greens Apt. 062,Toronto,ON,M5H 2N2,Canada,2cda77a129af8906f4b033aad2b0da93
ed40e402-9c4f-486b-a884-6b4d61f354f0,f34607a8-f6d3-427d-acf9-3d905082506b,0249 Melinda Run,Vancouver,BC,V5K 0A1,Canada,7b44f6745b9aee5fcbc324154eca919d
eddab5d7-dbf3-44ba-aa11-4e148c14bb17,bb8f9480-8fc2-46ac-8f93-942acc115626,217 Diane Islands Apt. 231,Chicago,IL,60601,USA,22eb893fb7ce10fabea35dc0b3779d1c
eb5cd162-08db-44fe-969f-67bc0dc2d5d5,fbd733a9-47d4-4e40-88be-709357213476,415 Steve Lane,New York,NY,10001,USA,7cf479b8caa10a19cc4f82e0e2729d6e
9f12a172-21c0-4479-af55-8cc2a95e141d,32c5b93f-8271-4c50-a62b-e8f545caaa6f,592 Wright Drives Suite 254,Berlin,Berlin,10115,Germany,bba9ee2b5493f33c932b10ce676aeb53
ec4f9027-88cd-4508-a2dd-49d483129078,8a2b7c00-2a2a-434d-af0b-86e03d94e54d,9576 Kevin Prairie Apt. 989,Berlin,Berlin,10115,Germany,e02660e0dc41e970463a587a7ae90c10
2859141b-d239-48dd-836c-13e6dbe69e6a,e859ce9a-a9dd-43fd-9cd7-bf1bd8c13964,187 Jackson Points Apt. 817,Helsinki,Uusimaa,00100,Finland,93cda7a676413d31d6d61773b256d41c
88a6d8d5-19dc-46ca-a608-cccfe58fdc87,545d1542-4e1e-4804-851b-400d5b020f68,62458 Anderson Hill,Helsinki,Uusimaa,00100,Finland,f5df07aae95897e7c3181faefb4881a2
9053ac79-7595-451b-af57-c3e64a4756cb,653cd13f-483a-49af-9e45-04707ae1508e,67208 Jennifer Path,Los Angeles,CA,90001,USA,9c2677a0e326aee05f842d1a25934425
c987dd97-b995-4bf5-aefd-100fdd424e2a,67004733-16a8-4c2f-9db5-f4bcfa0a4a3b,610 Jackson Falls Suite 591,Chicago,IL,60601,USA,4baf625721a0606b6f69f6bc3b8f8158
514f6506-665b-460b-a87b-b7af99a3d219,df600f99-242b-4e78-acfa-07fe39eabd9e,66942 Snow Vista Suite 562,Helsinki,Uusimaa,00100,Finland,f065215a0cd415fe5580e3eed497b44e
6d103364-b997-4f10-8c9f-7ce8c717213e,fc2265ba-8133-4e60-af32-0b135f4fc3cf,5933 Wilson Square Suite 219,London,England,EC1A 1BB,UK,a9e67f8c1839d7dc8c4452bc9533389e
a65bb0c7-fc80-49c3-b6c3-8b6bf6dffce3,66beab47-39b9-4dca-b770-73f070a08070,155 Angela Passage Suite 697,London,England,EC1A 1BB,UK,e673e1a4f655a210912557000a496b44
3f614580-53a6-45df-b865-e7e78cb19f59,2998fa4a-22d8-4603-a0fe-09f27c36a0db,384 Fritz Lights Suite 927,Berlin,Berlin,10115,Germany,182c7b198d72e926d54b7102d9e3b52c
3cd50236-5452-4579-8170-0103e038b6d2,abc2f41e-ab8f-430c-9677-705f4343b0ec,1131 Hughes Wells Apt. 586,Berlin,Berlin,10115,Germany,7fb95f34a154f501ea4fcf0be6a66682
c437a763-c387-49d1-aff7-dcaba2824d3f,b92ca163-e06f-44a7-896f-f4b2dd7e856f,048 Brown Ways Suite 284,Los Angeles,CA,90001,USA,c6b72fc8255d6625c366f90800a069b1
acef173a-3cb1-48d5-a833-8f43b40acb8b,67403e9f-0231-4a15-848a-d9cea4795a2a,06764 Hopkins Bypass,Los Angeles,CA,90001,USA,8f5fbd5721c787f476e72407d1c60b50
cef70f15-3dcb-41cc-9ed0-0162557b6d1e,9a261f6c-478e-4a10-96ad-4b76e6f7f43f,0201 Clark Plain Suite 658,Paris,Île-de-France,75001,France,98edd3b74247a18658c06220947495e7
18cdfa00-c170-44c2-bb84-bc8b996a6938,0475a1c4-c35b-4ecb-be0a-6103af0e3d5d,905 William Keys,Toronto,ON,M5H 2N2,Canada,5b6adb08a30c56e9abeb439b95f4d56f
32de2571-0a56-4c10-95f8-43e0aaf01a8b,7f191b14-927f-4975-84a6-4139f6dc9dae,6503 Kelly Burg,Paris,Île-de-France,75001,France,3f44a2293efd59734f177c5a1797965f
9156f4db-bc88-4704-aed3-b8a8b1532820,0094c41e-8408-4846-b185-fbf114db7a0d,70308 Day Summit,Manchester,England,M1 1AE,UK,11a6c6a53e7ba5c6ff36ba6780476993
124f3d66-d033-42f6-aefc-9bf855cb81c5,e6dfc052-6a5e-4aa6-aca6-ff3581a23a84,48983 Zuniga Trail,Los Angeles,CA,90001,USA,cecfbdeea2e3b24b9a5a6faf907e2cae
d7946d9f-9cb7-4890-8e0d-de000257ac04,0e725382-cfa7-4eea-b824-68123317826d,89560 Burton Field Suite 547,Vancouver,BC,V5K 0A1,Canada,2bb8f28f3a03170d3697079be8a45f81
9957080d-4e38-42de-8873-4dc5fdedb6e8,2eb88cd9-93aa-4403-b930-4d0d8ababa21,6011 Anita Wells Apt. 990,Chicago,IL,60601,USA,476a828cb65d5f7c17122b4cb5dd7b76
ed54ae3d-6253-4aad-8e74-8ac4fe7fa9c9,0475a1c4-c35b-4ecb-be0a-6103af0e3d5d,3587 Garcia Locks,Chicago,IL,60601,USA,187af433b8514f7d9f42588184f98048
bc7cec3a-6c67-4427-8db3-c1e5716f6891,67403e9f-0231-4a15-848a-d9cea4795a2a,25300 Skinner Roads,London,England,EC1A 1BB,UK,b29448fd878a3070d56397b748c89c12
feac27cd-a5da-448c-ac05-e591674dd998,e859ce9a-a9dd-43fd-9cd7-bf1bd8c13964,34499 Jessica Lakes Suite 017,Vancouver,BC,V5K 0A1,Canada,9d05967d3efa3e2046cba64b4d39a4d7
993ba149-70a2-4206-a139-8af2ce6eceb0,5e419f86-6e6b-4b45-a140-d03228124ecb,9503 Nelson Ridge Apt. 530,Chicago,IL,60601,USA,a01d3945d45d0061e9be6c29c3dffbbb
f4ce7515-535e-4449-bb07-8221b1e2ab2d,86664865-4e84-4896-b9b1-3d58a3c19a13,135 Rodriguez Falls Suite 400,Chicago,IL,60601,USA,b47bb470a04991ad21f71419573b8c12
7f245e91-8da9-44c8-b4e0-f0df3eeeccc4,5f2643f1-ca38-40c5-adaa-748da8a72c69,755 Zuniga Ville,Toronto,ON,M5H 2N2,Canada,031202eb8ea26d5ef8366e0c8dd99aa8
c5bd4352-ad14-4064-a1ab-abe749e4ebfb,2eb88cd9-93aa-4403-b930-4d0d8ababa21,6643 Rodney Fields,Vancouver,BC,V5K 0A1,Canada,c144fc9b9caafe456ea4ddf3dbb2fcd7
f3366be0-06ee-4bf9-a29f-fbf529b65d92,02cb4728-42fb-4733-962c-19a1d3c00406,0278 Davidson Fields Suite 218,Helsinki,Uusimaa,00100,Finland,761a9996f68d0e5c69b4b90af90511ff
9ac84d00-2873-444d-913c-70e5aaad45e0,f794693d-2fce-4b93-9462-2e86678f3a10,177 Cook Village Suite 891,Chicago,IL,60601,USA,7074142f09f050221512d9e96a2d0bc5
bb1e6427-11ec-490d-abe0-b14068ff8f20,e073b0a4-d2f4-45a1-b8ce-63b5075e168c,6173 Haynes Park,Toronto,ON,M5H 2N2,Canada,4be30c56d920314629bdc138edaab1e9
e5df8e48-bf03-452a-8cd1-8b9c559250fa,5e419f86-6e6b-4b45-a140-d03228124ecb,21991 Gonzalez Knolls Apt. 970,Vancouver,BC,V5K 0A1,Canada,49c059b32cf2ca67501ba4a035f9277f
1698accc-aebc-4761-9c0c-b9dfccddb61d,ee85931e-020f-4408-8af2-2b9bf4edd7b8,02023 Lawson Lakes Apt. 961,Paris,Île-de-France,75001,France,82c5c5cbff500c94ec008c185031e0a5
aa394841-8cbe-4d10-9ec0-447787854e5e,df600f99-242b-4e78-acfa-07fe39eabd9e,38628 Melissa Points,Paris,Île-de-France,75001,France,c7144439a601338d831c163bc1182655
c82e3de0-9368-49a5-b977-067600ab8742,19a564d4-ed76-41b2-bf45-d41d8500da78,84007 Robert Shores,Vancouver,BC,V5K 0A1,Canada,56974cb82c8642c99b4921e2c385c293
ec607a84-18cd-4b42-b20d-e0ab57e03776,2eb88cd9-93aa-4403-b930-4d0d8ababa21,32419 Brian Center,Vancouver,BC,V5K 0A1,Canada,bb81b33d0ce825f4da61328e0cd1feda
10a4673f-86bd-46a2-88f0-80863de7c66d,c8a37272-48fa-44ed-a432-b26ea868a892,59163 Melinda Green,Manchester,England,M1 1AE,UK,a41ed97b0d597cb31b40ab5b96e685ba
d3dde1e5-37fa-43c7-a8f8-be34bffc9664,5f2643f1-ca38-40c5-adaa-748da8a72c69,42105 Weaver Rapid Apt. 198,Helsinki,Uusimaa,00100,Finland,015ea4f6a2d56be1f66ae0ba1ecc7fa1
b81b5766-2114-4941-8645-fbb771714bd2,90448626-31aa-4d65-a854-dab84c21bac0,03052 Smith Glen,Vancouver,BC,V5K 0A1,Canada,a219993e93798124fc5db7056e96f7fc
23d163c6-4a55-4f96-8cfe-67c04ddf9625,cca906af-6247-4f65-82be-311947bfff74,184 Mack Station Suite 380,New York,NY,10001,USA,d83c2d8eeea8f31bcd81197f54a8297f
97cb30e2-97c5-4722-9656-4bf4943138e0,e859ce9a-a9dd-43fd-9cd7-bf1bd8c13964,5405 Caldwell Island Suite 445,New York,NY,10001,USA,b82d9574c0422e0b0fd6619ca504f48e
4faa3265-fb3a-4679-8541-74e5bb0b1d56,df600f99-242b-4e78-acfa-07fe39eabd9e,4650 Martin Squares,New York,NY,10001,USA,d580775a2195e164111619e30754156e
982975b7-f91d-4ea6-aae0-bf1f92f21039,9de85a38-608f-45f2-b25f-78aab3924fa9,34191 Hernandez Points,Helsinki,Uusimaa,00100,Finland,2b294bcaa79e048e4d41c575613c4897
7665eda0-8e87-4187-ad5a-9f91d545d993,0094c41e-8408-4846-b185-fbf114db7a0d,8357 Robinson Circles Suite 808,Los Angeles,CA,90001,USA,fd660db8ec3a1f3cce415818e7229ea7
c385d049-fe17-48dc-b1b4-b7f98b0f7da2,6ade7926-18a4-43be-bb13-3e4a5b1f455e,26233 Donald Ville,Paris,Île-de-France,75001,France,091d3d3af80e2f4dabda42acd2ecdb24
a2329c40-85b7-4069-a707-8373de279414,fbd733a9-47d4-4e40-88be-709357213476,93002 Sean Branch Suite 473,London,England,EC1A 1BB,UK,15ec040c362a2ad14ffd40c28c43f354
01d92c4f-2c06-4bda-aa0a-533b8d355226,e52160b8-9208-4ee8-b49e-702370bb38e0,800 Joyce Mountains Suite 411,Manchester,England,M1 1AE,UK,ca2880853530cf191b9913ab9b456b04
787f3c19-f6bc-4505-812a-8a6907ebec83,e27170d8-ce33-4bf7-8f25-44b9c31f435b,72308 Powell Mews Apt. 981,London,England,EC1A 1BB,UK,4b938892a0d1b6854aa11707872b2603
bd96af80-2a36-4e4e-8975-65cbb29d7c85,9d69cc1c-f492-4f69-938c-91efee85a672,835 Lee Roads Apt. 765,Los Angeles,CA,90001,USA,21eb7d2d7a1e2c4a0ff6bebb1a6a0f90
14220034-9a06-4c03-bb3e-310cc95e71eb,270a78d4-d980-45c3-bf41-9c12bdda3546,60291 Andrew Spring,Los Angeles,CA,90001,USA,450bf181c99a2f6c4a2a1bacce23670b
19c90c4a-e787-4d94-b7f5-ea016489c92c,5e419f86-6e6b-4b45-a140-d03228124ecb,71981 Sarah Trail,Chicago,IL,60601,USA,4270cfc39840dd36bc3c97ab672655ed
3baad860-dc9d-4bb4-8cf4-0bc9f5166902,f69962ca-a6b4-4464-878e-59ae6b43b6f8,6524 Ronald Dale Apt. 430,Chicago,IL,60601,USA,3bfe4490d5614f915eeccea22ab0f49b
8f2051a1-af46-436a-a12e-353747ddd704,abc2f41e-ab8f-430c-9677-705f4343b0ec,63252 Cruz Corner Apt. 352,Vancouver,BC,V5K 0A1,Canada,e4c199542dbdc3ed18727a8932497a74
ff3199c7-6c3f-4ec6-9981-fc8c6dab0a47,cc7e6efc-6c65-4b2c-9314-ee7b451acbdf,154 Chavez Station Suite 818,Los Angeles,CA,90001,USA,0a08400d092078c4ed5f4ea422039b89
3cde0302-f750-4ea5-91b0-b7590187502f,eb0851e2-3417-47e5-b97e-36ebf487607f,012 Alicia Passage Apt. 116,London,England,EC1A 1BB,UK,e3fa8d1ee05af2b296184b57b2823217
e9e5a0ef-7086-48d0-b68b-17e2b8e03f6d,2eb88cd9-93aa-4403-b930-4d0d8ababa21,7016 King Pine,Los Angeles,CA,90001,USA,1a6407ae17f576934858810e4b8d50ae
c2e520d2-80ee-4be5-bd9c-bfd115d8872c,98079c5e-8c4a-4564-9ca5-658f9db89953,842 Courtney Valley,Berlin,Berlin,10115,Germany,b56c294162f69dcacfe099d4ed0ef210
f9d63657-4ddc-4ffd-b21c-57e9a4336a11,5f2643f1-ca38-40c5-adaa-748da8a72c69,76197 Alex Inlet,Helsinki,Uusimaa,00100,Finland,4523bb30481dbd100d480a1c8dc46eef
c28c87c3-8d84-4da5-8cb4-5e8e0eea88fe,bc0e387c-0b60-4a80-9ee9-45178de8cb66,10949 Elizabeth Loop,Manchester,England,M1 1AE,UK,915ec69268157baa1993f4d57d411b18
584697f0-5d5c-4ee6-bae5-f81d72ff7fd0,9de85a38-608f-45f2-b25f-78aab3924fa9,858 Green Spur Apt. 796,Los Angeles,CA,90001,USA,430b30a6f63f701dc5b7d853595017aa
fc6b6ef8-e982-49cc-a381-dd0ae41b8251,bed734db-9554-4ebe-b415-628b657962d6,404 Deborah Via,London,England,EC1A 1BB,UK,add4010bdae0ed4d41f34371ee0b075e
305e20ea-5ba6-47d2-b9a5-6060b12186b5,e52160b8-9208-4ee8-b49e-702370bb38e0,3340 Ryan Gateway,Los Angeles,CA,90001,USA,fe1923b04236fd8992fb5496c05c2501
a421ec5b-db74-4fd2-872f-fc1e6ae0c0b3,8070fcf1-87d8-48e5-988f-1f369c06cdc1,39337 Richard Park,Toronto,ON,M5H 2N2,Canada,4f8cb90f9d07e7fbc74b8ee6f50cbf69
a7cc0a43-113d-4dea-a6d3-96da35c3506a,088e7d05-b0ef-4166-acb0-16d57f776a6a,8998 Nathan Overpass Suite 485,Toronto,ON,M5H 2N2,Canada,baa39c0823406772db95c7aadd5c1bc4
fa304fa0-4976-486c-8dc1-d27317e97b09,0cae327d-3c1c-4b9b-b1e0-103207463ade,24175 Lauren Springs,Manchester,England,M1 1AE,UK,751befc3d44f0228f226f009ba70c9dc
4c788342-2c9a-4f68-90b3-785759f4dcbb,e27170d8-ce33-4bf7-8f25-44b9c31f435b,8970 Reynolds Trail Suite 001,New York,NY,10001,USA,17ac04d55ba92e1d8d62e4b55a09be14
d07856f8-09cc-4f29-8bfd-3c64fe9368ac,5f2643f1-ca38-40c5-adaa-748da8a72c69,133 Williams Roads Suite 726,Berlin,Berlin,10115,Germany,dec5a2d9d2430d85ec210c1db0790e9d
51381e44-f4bc-4605-a5e8-f215395b85f3,017092b9-a700-41e2-8365-eeeddf441c3d,63157 Waters Corners,Helsinki,Uusimaa,00100,Finland,d8d85b735d82620bb210b8325c525314
16aaa8bc-bf65-4bd2-912c-7c070626cded,088e7d05-b0ef-4166-acb0-16d57f776a6a,4355 Tammy Light Suite 930,London,England,EC1A 1BB,UK,9bee75f84f48014bd615809a2a102b5f
e64853f7-d007-4390-858e-18bfc436bf94,9b1ddb4a-54b2-4afc-bce8-defb8d65c1f3,9452 Gonzales Estates,London,England,EC1A 1BB,UK,52e4f40f0e0bbee7fac81f5206840a71
0e8e054d-6302-40a6-9c8a-865bcd399c0b,dbe6c8e6-7cc4-477d-ab61-f3f2e5dce341,347 Christopher Ridge Apt. 791,Los Angeles,CA,90001,USA,4445cdf1440fd68e596807a126f097a7
49691ab3-8658-41aa-85dd-ac8e6d939752,b92ca163-e06f-44a7-896f-f4b2dd7e856f,69742 Peter Port,Helsinki,Uusimaa,00100,Finland,cef687e5813f73bf919f94e350faa0e9
d2059d21-4e08-4690-a684-0382a28bd645,a8fcbccf-0403-4a4c-a900-7f5c87ef1aec,6364 Bryan Groves,London,England,EC1A 1BB,UK,c79b4dfb7a28af2d3f6b437b2afc2a05
2303bb4b-a43b-4585-bdfe-f06cc4046c3a,9b1ddb4a-54b2-4afc-bce8-defb8d65c1f3,697 Lucas Court Suite 760,Paris,Île-de-France,75001,France,19155da63fa3f34ef951ed144e40803a
bc0524b1-75df-4be9-a29c-77734bf2322f,e073b0a4-d2f4-45a1-b8ce-63b5075e168c,0012 Andrew Hills Apt. 181,Chicago,IL,60601,USA,247b0afc7eaf5996d282eab002fe7829
237a557b-185a-4dd5-bfe6-de11d362d973,02cb4728-42fb-4733-962c-19a1d3c00406,98253 Larry Locks,New York,NY,10001,USA,9f39eda5171f7592cc94a7979246c036
cc727630-4360-4092-a5ed-0e313fe2fae9,035765ce-dcbc-478b-b43f-f38992c442ff,470 Anna Row Suite 236,London,England,EC1A 1BB,UK,67f8558f311cc5a7a310dcffee5b0e82
86f2eac4-19ba-4245-9705-3cf98872d443,5638cc23-cfdb-40de-9577-4997569c48f3,567 Brown Station Suite 857,Vancouver,BC,V5K 0A1,Canada,69a3de9a86b281bb50ee81fe46961440
2e71bf85-778c-40a7-845c-687187450d89,f69962ca-a6b4-4464-878e-59ae6b43b6f8,452 Luis Causeway Apt. 367,Chicago,IL,60601,USA,064c2962745136e6ab53be6e4ae3513f
4e6de064-0a0c-4874-aa8e-ad3253a16fe8,f34607a8-f6d3-427d-acf9-3d905082506b,922 Beard Lake,Los Angeles,CA,90001,USA,73f57dddefb26e34b35db13a6cebbae5
d606be50-30f3-4f37-a629-9731ee52c6ea,33a546d5-7808-4799-bc38-8b809d0c5ed7,797 Thomas River Suite 256,Los Angeles,CA,90001,USA,9341c228d3ac4e9cb2c964b396af9e82
c2a432eb-d0ee-47f2-bff6-79aa821fc45c,11f5a691-d739-491e-8a3d-0cac3ba34fc5,746 Sanchez Vista,Los Angeles,CA,90001,USA,e7b4489faa1735bf68d4b07c3c9feb79
9b0f4db1-b66b-4923-b1d8-8279269fbeb4,a5cef112-752a-40ba-b573-df00b771d56a,055 Tom Parkway Suite 839,Vancouver,BC,V5K 0A1,Canada,845cc89006743a15f9db1d67b7483ea6
02cbdc41-eaa2-46f8-8ac8-b933404bb485,f34607a8-f6d3-427d-acf9-3d905082506b,134 John Locks,Helsinki,Uusimaa,00100,Finland,399bd688662b915b6382f02072f7a0ce
14bc6bbb-c16b-497d-99a7-d1ee5454e24c,bed734db-9554-4ebe-b415-628b657962d6,3771 Bradshaw Loaf,Helsinki,Uusimaa,00100,Finland,2bca4fe089cace58360787462482ce3f
c28f5208-1481-4193-9f0b-5ea75db92007,bb8f9480-8fc2-46ac-8f93-942acc115626,80649 Brent Falls,Berlin,Berlin,10115,Germany,8e903e94e07712d1623661a7f0b23694
d55104d6-9029-4e6f-813b-237fb7f5a730,bb8f9480-8fc2-46ac-8f93-942acc115626,3383 Juan Highway,Vancouver,BC,V5K 0A1,Canada,6f9deed83947996044500bbb75275371
5fc09155-f68d-47cb-996e-96e6fb0ecb25,5e419f86-6e6b-4b45-a140-d03228124ecb,416 Eric Lodge Suite 289,Vancouver,BC,V5K 0A1,Canada,49f9683f08302178b7afe9aae00318a4
dcb3b143-e257-4353-8010-196c4b20d4f7,653cd13f-483a-49af-9e45-04707ae1508e,335 Flores Mission,Los Angeles,CA,90001,USA,9d6ae6c65938aafb72413d4131a513a0
7a90e2c0-6d0b-4a5f-af22-475f1657ce55,0cae327d-3c1c-4b9b-b1e0-103207463ade,5825 Henson Extension Apt. 772,Berlin,Berlin,10115,Germany,160ba38292dc1df8534f41441cec793f
e6ab37d7-380a-43e3-80c4-dda18257f8fc,6ade7926-18a4-43be-bb13-3e4a5b1f455e,3934 Clark Fork,Manchester,England,M1 1AE,UK,0c154086ceedbc62eb773d4338efabb2
519a58a3-8971-4a9a-a9ec-7b90ce9da672,e52160b8-9208-4ee8-b49e-702370bb38e0,94687 Barker Garden Suite 038,Helsinki,Uusimaa,00100,Finland,a5c6d897d943f2c614f72fb4dad0f3fd
8eca489d-c5c3-40f1-879b-529e0cac418c,86664865-4e84-4896-b9b1-3d58a3c19a13,3366 Nielsen Path Apt. 932,Helsinki,Uusimaa,00100,Finland,f04e819c81c030ece584ea084f647b06
efae4959-7769-4063-b7d1-6f80126b9081,f69962ca-a6b4-4464-878e-59ae6b43b6f8,667 Sonya Manors,Vancouver,BC,V5K 0A1,Canada,3fd7934e4aabad6ccc5810f682981550
f13fe6eb-01cd-4335-965e-f9e3ce183e4a,67403e9f-0231-4a15-848a-d9cea4795a2a,6857 Clark Mount,Manchester,England,M1 1AE,UK,1b8099d396e7a35976a4ca00038ac5be
fbd91217-ae11-433e-b07b-edce69ddaac7,5e419f86-6e6b-4b45-a140-d03228124ecb,508 William Meadow Apt. 057,Chicago,IL,60601,USA,d272fe3426889325a760d62fe07334b7
81f2e930-cb15-4719-94fd-2ffe12d9fcff,a5cef112-752a-40ba-b573-df00b771d56a,5284 Erickson Islands,Los Angeles,CA,90001,USA,6c9172be654df550d8d2fd3239e1b959
a70e6814-c449-454c-bd6b-e94825de27c9,fbd733a9-47d4-4e40-88be-709357213476,4391 Michael Alley Suite 568,New York,NY,10001,USA,d99691a3b7914ac6c8b37489543542ca
9f9afbc6-7c22-4735-9f8d-a87c9ceb457c,0475a1c4-c35b-4ecb-be0a-6103af0e3d5d,738 Gary Isle Suite 999,Paris,Île-de-France,75001,France,70de809c5f7fb9106a9903f722fb7c5d
38a591a3-7a56-4deb-93a1-959c5212c3eb,11c38e31-9cd1-4350-ac64-1e541ef9fbaa,12993 Pamela Street,New York,NY,10001,USA,bdf7c2850db46a94ff3d196917c5e82b
2773db02-a184-49b4-a101-142c04cd4e33,545d1542-4e1e-4804-851b-400d5b020f68,30051 Clarke Roads Suite 234,New York,NY,10001,USA,ec99b392b37455b7f3578f64e2a5faf2
a42011bc-2df5-4db0-aec4-b88c6d409cee,33a546d5-7808-4799-bc38-8b809d0c5ed7,94657 Lester Ridges,Berlin,Berlin,10115,Germany,048c428fb44fd1a7f9a9a457df3ccac1
96ebe00b-306a-4c9c-8894-46c581274248,fc6dcd99-4fd3-49f2-aac7-18023820fe39,4846 Joseph Forges,Vancouver,BC,V5K 0A1,Canada,9d4d7adb0b903a92a3c0a2ecf135e72a
c1378e59-d01c-4f55-beb0-084d335f6273,088e7d05-b0ef-4166-acb0-16d57f776a6a,3560 Johnny Cliff,Vancouver,BC,V5K 0A1,Canada,7ce9e077cff3edc0d32ef66ca111884a
6c69f61c-a82d-4172-a29f-d741ff897206,f326cd1e-3549-45d6-9382-4ce1eebadcf0,2595 Garcia Turnpike Apt. 949,Helsinki,Uusimaa,00100,Finland,82486eae9f676424d1d17e77241cf340
7461a933-f0c2-4901-9588-e05875753489,2e90cc5a-37c7-450a-ae09-18d7be038c34,55340 Brittany Loop,Berlin,Berlin,10115,Germany,10dbcfc87dc9873490b007a0fa9b6dee
0762efe7-eba0-4680-9f34-8553ad63f8ec,eb0851e2-3417-47e5-b97e-36ebf487607f,8041 Kevin Motorway Suite 339,Manchester,England,M1 1AE,UK,c4c5bb9f9a8c903189b42ff9e8ffdb75
ad44f4d3-c2c2-4496-a1bf-fbddda14d7ee,545d1542-4e1e-4804-851b-400d5b020f68,157 Ayala Brook Suite 780,London,England,EC1A 1BB,UK,16be82a3ddd0faf5b47590cca1f3f914
d488c9fb-d877-4c9b-9e2a-9bd78672a7cd,8a2b7c00-2a2a-434d-af0b-86e03d94e54d,24653 Tommy Turnpike,Vancouver,BC,V5K 0A1,Canada,514639f1bbfe2b663ceab064a7049e81
39574d4b-91c7-4c82-a5c7-0cf170b57c1e,01d50da8-b34d-48ef-b445-cefaaa00514b,299 Rogers Drive,Los Angeles,CA,90001,USA,4a6ef83bfe3293712138f25b9e706149
92ca3645-1760-4070-a766-97b06182c884,f794693d-2fce-4b93-9462-2e86678f3a10,7231 Grant Prairie,Berlin,Berlin,10115,Germany,085f7c10916eb647410b5ee11f917bfd
217210f5-c5fb-462d-8718-efb6433619bc,93a2faf7-17c8-4513-b63e-f27c8b36314e,555 Hunter Crest Apt. 892,Paris,Île-de-France,75001,France,8c93cf98e94b2f2810475e47870a93e0
4541f076-d1f8-4f7d-9ba7-22a6f91c2211,86664865-4e84-4896-b9b1-3d58a3c19a13,6999 Rebecca Street Suite 692,Helsinki,Uusimaa,00100,Finland,ccbf7aae075c818a470e74a3625abe3d
87474f7e-64a8-4f22-b6da-b6c9805b4ef3,2421a4de-b9b6-4373-992d-f10380e8449e,83528 Bennett Shores,Toronto,ON,M5H 2N2,Canada,612877e01f0ad22a599117ee26fdff5e
0899074e-8c32-40fa-baa6-85d9e748de06,6e33f6a3-8056-4cdc-abd5-b6554a925aca,6673 Mitchell Valley Suite 171,Manchester,England,M1 1AE,UK,f55d9851a1fe58d75eafd57e26833802
00de30a3-6291-4708-8336-b15d95f94fd3,788d99f0-9972-408f-858c-28268e4d1d93,9685 Carla Street Apt. 765,London,England,EC1A 1BB,UK,5c8c23b956cd2775dcece4ce53372fda
cb384a57-69f1-465a-a1df-7ccfadf12efc,e859ce9a-a9dd-43fd-9cd7-bf1bd8c13964,2035 Wendy Forges,Los Angeles,CA,90001,USA,c873397d8e0256ffe1466b76e4ce7338
9e00bc4a-a2aa-4b20-8936-60368ab4f934,bed734db-9554-4ebe-b415-628b657962d6,606 Pugh Pine Suite 496,Vancouver,BC,V5K 0A1,Canada,6ac43d54c013fbaecc99e318a7ec5aca
f3befd65-71e5-4a5b-9f76-5e53f5ad33d8,86664865-4e84-4896-b9b1-3d58a3c19a13,13589 Natasha Shoals Suite 006,Helsinki,Uusimaa,00100,Finland,146278f475fa128e7c55199601b4a2e0
c906e245-d792-4d37-b9cd-471c07ff8b39,e52160b8-9208-4ee8-b49e-702370bb38e0,92902 Stewart Mill,London,England,EC1A 1BB,UK,5c8c83c708e6c646d06a0ec213d3ad44
09e53bf6-4949-4355-9d44-fc85f180f00a,cca906af-6247-4f65-82be-311947bfff74,48644 Melissa Radial Suite 177,Chicago,IL,60601,USA,25fdaf8d5e77a0cb063a39672a571b79
4fcb4251-6f00-4cad-89dd-b070120e8277,1e9a0433-e9bc-421d-9dbb-d2cbf6fb2297,40219 Lara Extension Apt. 634,Los Angeles,CA,90001,USA,4f49fe603c8b81fdc7d4ad1fa3d68baf
63204323-7934-4869-91e0-b80cea1416c8,b92ca163-e06f-44a7-896f-f4b2dd7e856f,34863 Zuniga Lakes,New York,NY,10001,USA,226bd6164a91dbfe3f1fd5e8b1c0f54f
4b970943-8b28-400e-b365-8d7ba3d18241,e52160b8-9208-4ee8-b49e-702370bb38e0,38674 Dawn Walks,Los Angeles,CA,90001,USA,121e7139c8006693037654b729329fff
322da52f-e7ab-4da9-82e2-4746d072e4d2,2e90cc5a-37c7-450a-ae09-18d7be038c34,4859 Kristi Cliff,New York,NY,10001,USA,a277585e4f36d115e68e9dfe23542804
e86a73a0-5b94-4a0b-b733-17508de934f8,e27170d8-ce33-4bf7-8f25-44b9c31f435b,456 Ward Lane,London,England,EC1A 1BB,UK,2e307b77d055a7bc1c599d12cf7b6957
4a6aab19-b624-4a5c-8c2c-6ecbabcd6c53,fbd733a9-47d4-4e40-88be-709357213476,2484 Laura Plaza,Toronto,ON,M5H 2N2,Canada,4c2f82f1964823454befdd4bacb0264b
d17502c4-2e32-4f3f-8a58-d3d25f082749,eb0851e2-3417-47e5-b97e-36ebf487607f,304 Cunningham Plains,London,England,EC1A 1BB,UK,dd040f7089af3ed97c47c36944abaf8e
eaed4fa9-67ff-4286-8812-4bb8b080c33f,7ec92f10-c40e-4160-b34b-395017c26b71,895 Megan Divide,Berlin,Berlin,10115,Germany,3eb8bf92e7a375e7a841f71abf732c1d
cba2267d-77e2-42e0-b95b-6d01e69a744a,68bdc8a7-ac0a-4ba3-a509-ce917bde451a,867 Sherri Mountain,Chicago,IL,60601,USA,53d5e1d7dba2f472d121e0d1ecc463ef
2522d1c6-b0e4-4cb4-a3fd-ea3c423e5f4a,93a2faf7-17c8-4513-b63e-f27c8b36314e,08607 Kelly Prairie Apt. 332,Vancouver,BC,V5K 0A1,Canada,a3d84c9644be78c2d53ed526e969e532
0d546e94-b31f-4c78-8448-57951bc52cee,bc0e387c-0b60-4a80-9ee9-45178de8cb66,12517 Coleman Pines Apt. 671,Berlin,Berlin,10115,Germany,989124a6cfc85bf764cd02b4c2e6a949
65b69497-0b2e-4d30-8698-1713e2150c50,a8fcbccf-0403-4a4c-a900-7f5c87ef1aec,088 Foley Centers,New York,NY,10001,USA,2c2bf90ae37cd25f9399e67371936e99
faf175ff-b685-4449-8be4-e95f892eaf78,f794693d-2fce-4b93-9462-2e86678f3a10,2401 Kimberly Extensions Suite 315,Chicago,IL,60601,USA,4edae59865c43630f0d713e4f852946c
8dc62aed-3535-4f2c-93ed-abbf7e0cba05,ff2d9922-b0db-4e79-9e69-dde9abb78db2,12588 Williams Islands Suite 024,Vancouver,BC,V5K 0A1,Canada,41ffd422bf02e77e27b82f5669693105
57580c6f-bd20-410d-9b5c-1a676a675749,ff2d9922-b0db-4e79-9e69-dde9abb78db2,520 Kenneth Crescent Suite 480,Chicago,IL,60601,USA,a7e49b2b07dd2316ceaec6296d981fb2
503bfc3c-ae19-4c09-b26c-53f1b0e83b65,ee85931e-020f-4408-8af2-2b9bf4edd7b8,009 Davis Meadows Suite 052,Paris,Île-de-France,75001,France,928a7a2783c4655c9adba3f7a15d0f06
f18ce762-7b48-426c-8945-97e6bb2caea8,1d301ea7-8438-4977-bbde-d4ecb1b9ca1d,4107 Sean Drive,Toronto,ON,M5H 2N2,Canada,0d5619c83e5f2f8eb711f97ed61e6766
ea6a7c0c-66f8-429d-898d-a910d5f9f5f6,65979d31-3be2-4e1d-8bcf-c43c3bfc1891,822 West Loaf,Chicago,IL,60601,USA,b0221d7e00f25460e76fcdf2964bfffd
02097385-b559-4d25-a5c7-ba26c5753e1a,3046e874-7757-4321-a055-3edea53305ef,448 Ryan Ways Suite 468,Chicago,IL,60601,USA,9a837df4d617cf01e5420d63bce8e91b
91d577f5-a01d-40af-81b3-ab330d148809,84f6c6dd-37d3-4909-801e-b3d78f3e8099,34070 Robert Rue,Toronto,ON,M5H 2N2,Canada,e1b74c947d2487a7449a7fe4418d5f80
72c7a4d9-2c46-4f9e-804b-55508aa6bf4d,a5cef112-752a-40ba-b573-df00b771d56a,260 Wesley Place Apt. 381,Vancouver,BC,V5K 0A1,Canada,80c8d00b11eeb87c09754f176dc2bd79
8a5e7a31-1c0e-4a0e-9225-b3c117536238,efd12b55-23e9-4f58-a207-35e1da7e7afe,9097 Steve Pine Apt. 481,Toronto,ON,M5H 2N2,Canada,a2627f279f7a0956ac5b3d042254382a
ab8d28ca-a768-441c-949c-5d5993793fc0,dbe6c8e6-7cc4-477d-ab61-f3f2e5dce341,441 David Terrace Suite 964,Manchester,England,M1 1AE,UK,d75a2a34fbf4879fbc55dc0ef277d494
f0d34884-f38f-4cea-8968-9c020d36bf47,fc2265ba-8133-4e60-af32-0b135f4fc3cf,897 Carol Stravenue Suite 965,New York,NY,10001,USA,c0e94788eb081cabf53c0acc6161d0d9
de8f5106-4a2f-4cd7-80c3-f90cbb726800,2eb88cd9-93aa-4403-b930-4d0d8ababa21,9000 Tracy Land Apt. 153,Paris,Île-de-France,75001,France,2cf93c7e3ebf2543de3f088159aea809
3cdbe495-05dd-4d12-a01f-edb4ae7cbef4,2998fa4a-22d8-4603-a0fe-09f27c36a0db,429 Stephanie Points Suite 839,New York,NY,10001,USA,4ed92d917ef277a2c64637bcffa0020d
5d880ded-6c54-4a15-9daa-90205267cdb1,545d1542-4e1e-4804-851b-400d5b020f68,090 Wilson Bypass,Chicago,IL,60601,USA,160929dd8c6fc22da4ea13b36f97a53f
c22f80e7-0242-4b13-8aa1-eab66fba39ba,11f5a691-d739-491e-8a3d-0cac3ba34fc5,028 Madison Crescent,Toronto,ON,M5H 2N2,Canada,13dc45be3cb369b8d34b62b42466e91a
595c3074-59bc-4dae-be82-3b61f781eb0d,84f6c6dd-37d3-4909-801e-b3d78f3e8099,27809 Christopher Port,Helsinki,Uusimaa,00100,Finland,3f7d07d80b3c71c4f302816d06ca92bf
aa6524c4-a3c5-47ac-8c86-78bbb1932450,d00399b5-89cb-48fa-8d60-5ea1f649b655,8837 Davenport Ford,Berlin,Berlin,10115,Germany,17d34c628c4d70178b89935531a12066
5a3ed157-6496-47d6-8d68-9128fd37b2c8,02cb4728-42fb-4733-962c-19a1d3c00406,7194 Donovan Lodge Apt. 106,Manchester,England,M1 1AE,UK,8cff5ec71fb33aaf3dfd5c3328355438
ad0346ac-3567-445c-9bc1-e181e01faba9,90448626-31aa-4d65-a854-dab84c21bac0,840 Amy Island,Manchester,England,M1 1AE,UK,544d6596c0311f1e4467931588f50d34
1924a51c-4ee4-4bf4-8d41-fc18b181363c,0094c41e-8408-4846-b185-fbf114db7a0d,596 Hernandez Springs,Vancouver,BC,V5K 0A1,Canada,e68b7f628cfed4f96dfc3364d82135e4
f36e5ac5-7f24-466e-84c7-963771e38455,fc6dcd99-4fd3-49f2-aac7-18023820fe39,6795 Kayla Ford Suite 792,Berlin,Berlin,10115,Germany,a9357db995e771614818ac1fd8655d4c
30edc604-1589-4a96-a816-52ca93ee65bb,cc7e6efc-6c65-4b2c-9314-ee7b451acbdf,4057 Rose Lights Apt. 288,Paris,Île-de-France,75001,France,e15799b4a7e8499e71ca7468acdcba2f
22f9ae1b-99e6-4573-8eb5-519d5407ff54,32c5b93f-8271-4c50-a62b-e8f545caaa6f,2980 David Tunnel Suite 614,Chicago,IL,60601,USA,e702504838155e7ec581dae1c157f6ff
e5676372-6a3b-4650-830b-47d3886f763f,fc2265ba-8133-4e60-af32-0b135f4fc3cf,25804 Hood Lake,New York,NY,10001,USA,ba227410a740ae62e553a8392c5fb70f
71aaf51d-4ed4-4f65-a7be-1bd5d060bf19,035765ce-dcbc-478b-b43f-f38992c442ff,05596 Brandt Union,London,England,EC1A 1BB,UK,530485ddf5b8d2b746a8f3b42ea46496
1500820c-6248-43a3-aced-2c0bb2fa6fe9,01d50da8-b34d-48ef-b445-cefaaa00514b,878 Jones Pines,Vancouver,BC,V5K 0A1,Canada,5b8e1d3f3821d0518736381d302edd53
71c6a555-62e9-4d44-8d68-d3c4d28139d2,2c063f55-8e12-40f5-82d1-e02e8211dcaf,7886 Grant Coves Suite 239,New York,NY,10001,USA,6fff1bd46852995a51cd2478a97ea838
c061fdf7-3bfc-4ca2-9120-6f889744f120,653cd13f-483a-49af-9e45-04707ae1508e,5724 Scott Field,Toronto,ON,M5H 2N2,Canada,f3a33e68c087b8be26e45c0fd9af21e7
d9ca3d06-88e2-4f5f-bf7c-d4a4925c227e,7f191b14-927f-4975-84a6-4139f6dc9dae,7442 Kelly Isle,New York,NY,10001,USA,c4f33a8cd6ce01e767fca7ab40e0418d
d398be4f-3685-4cff-9017-b03be3d5dcdc,2c063f55-8e12-40f5-82d1-e02e8211dcaf,7947 Campbell Run,Los Angeles,CA,90001,USA,22f8047369eecdebc59a48729f63c672
f8140ef0-0dd1-49e3-82bf-6e3ef7db2893,54908c4a-1561-4b07-b9d8-8cfdf77e25a7,0795 Gonzalez Mews,Helsinki,Uusimaa,00100,Finland,3d48f23ed5df4e09dc24eb518c65b4a5
e3243c5a-7004-42c4-a091-92f88e89d383,f794693d-2fce-4b93-9462-2e86678f3a10,52871 Morrison Highway Suite 424,Paris,Île-de-France,75001,France,985eae3169dfe94df7d11ed28618d44c
992a46d9-062d-492d-be26-171d8da40d40,07a7c40b-1082-478f-be65-ed92db3c2b5b,635 Holmes Lights Apt. 138,Vancouver,BC,V5K 0A1,Canada,f40253441f449b094dc51416b7aec3e4
ed149fe1-7cfa-4630-877b-421e00ca4764,a9cda48f-5bc6-47eb-88d3-50606128be2d,1302 Jimmy Ford Suite 209,Chicago,IL,60601,USA,c52b0968bffb24f571f269bf90d5cbcf
b72d86a1-7533-45bb-957e-6eec16564316,93a2faf7-17c8-4513-b63e-f27c8b36314e,2505 Galvan Roads Apt. 149,Vancouver,BC,V5K 0A1,Canada,625cf5c74d214e2c471ec629e0890722
79aeafb0-c309-4e9d-98de-47f3c9c2ddca,a9cda48f-5bc6-47eb-88d3-50606128be2d,2106 Ramirez Mountain Suite 376,Manchester,England,M1 1AE,UK,aada14ee7915187bb1b61da498404f42
423863f0-d453-4742-b741-255885d25a4a,017092b9-a700-41e2-8365-eeeddf441c3d,6069 Anderson Square,Vancouver,BC,V5K 0A1,Canada,c053ad8acecc096c5de600a699f60b90
9634aa5d-1428-49da-af80-90aaa6150f63,a0d03e66-36a9-4e3a-b061-90884a47209d,25885 Colleen Point,Manchester,England,M1 1AE,UK,e11b3684589987ba6c92eb01941b74ef
43ddfe18-a4f5-4b19-8b9a-5dfdd493e89c,5638cc23-cfdb-40de-9577-4997569c48f3,64979 Castillo Glens Apt. 180,Berlin,Berlin,10115,Germany,d10af7e7528553715bd19390d57cf33e
81ce5a3f-54a0-4883-be44-0ea280a8fce3,5638cc23-cfdb-40de-9577-4997569c48f3,8130 Susan Turnpike Apt. 356,Toronto,ON,M5H 2N2,Canada,8a28ec97313c354a217c34c0bb070487
d1c7d86d-492e-426f-916e-d3f2f743ff46,cc7e6efc-6c65-4b2c-9314-ee7b451acbdf,9492 Sarah Crest,Chicago,IL,60601,USA,a14d8df42096b23a126a776f00e632c5
4f58c07b-b008-4905-9b1f-ab86215bf36e,84f6c6dd-37d3-4909-801e-b3d78f3e8099,677 West Valleys,Manchester,England,M1 1AE,UK,c49d117f2c7545094f6dc332681bb3df
8721432a-048a-476c-9c9e-b35737988cdc,f34607a8-f6d3-427d-acf9-3d905082506b,13341 Timothy Vista Apt. 272,Toronto,ON,M5H 2N2,Canada,e83ed3d8695fe53398754b539c56d10e
68a45c9d-c4b8-4a51-99c9-e2cccde7d238,3046e874-7757-4321-a055-3edea53305ef,5973 Kimberly Parkways,Berlin,Berlin,10115,Germany,52c54aa6de755acb8e84f70772710632
3dc1f7f2-0db1-488a-bf40-bce531bb564e,2cc9a5a2-91d7-492b-8d35-7118e35f4dde,717 Edwards Centers Apt. 483,Chicago,IL,60601,USA,65723396d9f3f4bce3752a69ea2d3d20
3eea6223-2b6f-45cc-b2ef-4547fb9d63d4,2421a4de-b9b6-4373-992d-f10380e8449e,06155 Sarah Pine,Berlin,Berlin,10115,Germany,a9b8ccd7524e95918b3cccfd43477f06
14f9645e-ca74-4c46-acf8-e1dbd7720630,9b1ddb4a-54b2-4afc-bce8-defb8d65c1f3,7522 Michelle Keys,Los Angeles,CA,90001,USA,cbf7c07f9ab18b3f140bf92af40de6f9
3e86084a-e058-4b55-b028-23766e9a8612,85c32511-7f37-4de1-882f-2efa8040dea4,5151 Tyler Isle Suite 106,Chicago,IL,60601,USA,f86e6498e7b8f67da595e4a2126013f8
70673bf7-1165-4f22-a8a0-ea9508516afc,e52160b8-9208-4ee8-b49e-702370bb38e0,8588 Joshua Drive Suite 804,Helsinki,Uusimaa,00100,Finland,535360807accc42927edf4b67055885f
81cce600-68e3-4726-9a00-e3fb1c53bf72,33a546d5-7808-4799-bc38-8b809d0c5ed7,111 Gordon Point,Manchester,England,M1 1AE,UK,1b02f70ea4a36c5658d696398ee5c1bb
72f165ea-afab-4934-b31e-d40c90813aba,d86011eb-bd81-4aee-b905-18ffad895411,81259 Adams Lake,Toronto,ON,M5H 2N2,Canada,e9ea90f3d091f71ce7e53fe0effb63bc
cc0d28e4-83fb-4080-b7f9-ef22d1826668,1d301ea7-8438-4977-bbde-d4ecb1b9ca1d,3442 Caldwell Brooks,Chicago,IL,60601,USA,67e14a6e48c1819de644339a31890200
ba879afa-3836-4f6e-ac88-0462acc4313f,9b1ddb4a-54b2-4afc-bce8-defb8d65c1f3,1489 William Glens Suite 795,Paris,Île-de-France,75001,France,11d3f5af5ea06d1557534f561610dd38
cdf76a45-c352-422d-b24d-0ac54fbf6ff7,2e90cc5a-37c7-450a-ae09-18d7be038c34,3306 Henderson Canyon,Manchester,England,M1 1AE,UK,d607cdd202785330b2ea1376427ec64c
e735edf5-79e3-4067-80fa-e97ba32a8e90,7c5d467f-5fb0-4f77-905f-8acef67d84a3,2369 Jeffery Place Apt. 205,New York,NY,10001,USA,44d1629c73f32b4ead8d2d5cb3aae511
d799d85f-3bb3-4459-8498-81f4106c48c5,422d5e26-8e3d-4eac-b286-f70ead07c1f4,58028 Patterson Trace,New York,NY,10001,USA,7d6e14fd54a52cf904e17ab89ba65bb0
668fa9d3-b8f9-4797-973e-d00de2b8d128,11f5a691-d739-491e-8a3d-0cac3ba34fc5,53789 Conley Radial,Chicago,IL,60601,USA,851bbdbbfcd3495d911efdce507a889b
978f47bb-4802-4929-b03b-f04e4b1e112c,ecd4feda-08f5-4652-80fd-4406a1316c5d,8198 Ramirez Pike Suite 466,Toronto,ON,M5H 2N2,Canada,a40fbe2e13d2b4cc8553604db7aab4dd
f0a56dd8-08c8-4510-91a9-a4627d58a7b1,7ec92f10-c40e-4160-b34b-395017c26b71,352 Alexandra Orchard Apt. 212,Paris,Île-de-France,75001,France,d97312546249716b259470029cd0576d
7cdb803b-da73-4b8b-936f-6c7e42ad90f2,ee85931e-020f-4408-8af2-2b9bf4edd7b8,701 Ashley Rue,Toronto,ON,M5H 2N2,Canada,4516e04b979d05eb68242980532898b5
a5b9c840-6d2c-407f-b89c-c11b293b4249,c0e366b0-4820-408e-94df-b7532085e9c5,7373 Rebecca Land,Berlin,Berlin,10115,Germany,43926722423c90d565ae135b035c171d
588cd7bc-7a6a-4d65-afcf-db525b3f2b13,7f191b14-927f-4975-84a6-4139f6dc9dae,92271 Huang Mountains,Helsinki,Uusimaa,00100,Finland,8b0e74ad5521083e5e85909319f47b01
a2e5b701-18f4-48ea-95a8-3ffc5e313aa2,68bdc8a7-ac0a-4ba3-a509-ce917bde451a,10537 Kayla Bypass,Helsinki,Uusimaa,00100,Finland,91d1725342e5abf1505497a861ee3b30
012b1690-6aaa-4413-82e5-e00ade4bff9e,ee85931e-020f-4408-8af2-2b9bf4edd7b8,53377 Robinson Drives,Los Angeles,CA,90001,USA,638ab047ce09958904243c7dceea54e4
efb28445-0b95-4c38-89c0-86315c58e3f5,0e725382-cfa7-4eea-b824-68123317826d,9433 Michael Road Apt. 166,Manchester,England,M1 1AE,UK,415118196c09a4a3c60a118015d527ef
168b88f4-a017-4c74-a358-691bd9d50ca5,5638cc23-cfdb-40de-9577-4997569c48f3,445 Danielle Spring Suite 217,Helsinki,Uusimaa,00100,Finland,0ceba12ba3b2af5b8341a94685d52ef3
f94fb8ca-cab3-4864-b5a5-4db0ebf00048,8070fcf1-87d8-48e5-988f-1f369c06cdc1,300 Blankenship Knolls Apt. 575,Chicago,IL,60601,USA,311d0cb81565a542b1ff2dff1906efd2
56ef0cc5-8691-4561-8847-4ac7c0961ba6,11f5a691-d739-491e-8a3d-0cac3ba34fc5,4928 Fuentes Wells,Los Angeles,CA,90001,USA,8e344f8eb8ba452755107a1b3dc2e2a2
6c593420-a0ca-416d-9eef-d6830a6d84ce,3046e874-7757-4321-a055-3edea53305ef,63007 Colin Walk,Toronto,ON,M5H 2N2,Canada,12f3d23175af755ee35c6a78ea101c3a
6344dc91-3b4a-4b91-be37-6d1129729f54,2998fa4a-22d8-4603-a0fe-09f27c36a0db,5353 Darrell Path,Toronto,ON,M5H 2N2,Canada,71cf8f4138dc3a5c66cd77fc687235e1
57b4350a-7343-4372-ad5f-dcdeedb1425e,cca906af-6247-4f65-82be-311947bfff74,88642 Wade Fort,Paris,Île-de-France,75001,France,9de3b0989bbcea7952edf4080df28151
6fa5d312-c523-45c5-9a98-e261fc16bdcc,a9cda48f-5bc6-47eb-88d3-50606128be2d,47493 King Inlet,New York,NY,10001,USA,152e76baa6ee5d1980a3c51bc8bcca01
bf7e5dae-9f35-4eec-b196-be83c4b12c1b,90448626-31aa-4d65-a854-dab84c21bac0,97587 Ortega Valley,New York,NY,10001,USA,6e2906e6bafe19099beb8db5cf98cf3e
f3677875-0ccf-41ac-8fee-066ab0a88f0a,d00399b5-89cb-48fa-8d60-5ea1f649b655,987 Stokes Points Suite 099,New York,NY,10001,USA,3cd468b749e6382c2be19ad21deac4bc
b352c2d2-ed0b-4887-babe-3e2eae2fdf15,7f191b14-927f-4975-84a6-4139f6dc9dae,4276 Carolyn Corner,Paris,Île-de-France,75001,France,c5a4a236c2fbcabf3dfdf9d12b12f31f
9bce66fe-2702-425e-8dc1-c536eba0a9ef,cca906af-6247-4f65-82be-311947bfff74,707 Huber Turnpike Apt. 096,New York,NY,10001,USA,a772ecce57d139e4fd93fda1cdc912c6
47f9a19b-b387-408e-8ad8-f7360cea93ea,9b1ddb4a-54b2-4afc-bce8-defb8d65c1f3,416 Benjamin Creek Suite 915,Berlin,Berlin,10115,Germany,3ed3a15a3c690b0f85e93201a3cf929d
06bf2698-6587-4588-a218-380158f6e9e4,e073b0a4-d2f4-45a1-b8ce-63b5075e168c,14305 Wilson Brook Suite 050,Vancouver,BC,V5K 0A1,Canada,70ba005a7ce2b69ba9fb5f7fac8e11db
6d7b5312-e1d4-4a18-b053-9cf3bfb68b12,2421a4de-b9b6-4373-992d-f10380e8449e,1838 Williams Skyway,Vancouver,BC,V5K 0A1,Canada,a5e24318e4a26f51de2c6477d4a18044
ca4b147e-c5ec-4f95-82f2-4f81f8147dd2,c0e366b0-4820-408e-94df-b7532085e9c5,81982 Diana Plains,Helsinki,Uusimaa,00100,Finland,0d527b0c3eb439e6e9f407b1523a5c0f
a8557fe1-8207-4ab2-9fdf-f8a43d51af16,eb0851e2-3417-47e5-b97e-36ebf487607f,80065 Cruz Expressway,Helsinki,Uusimaa,00100,Finland,193977d58716820d2ab22de2c01c708b
66f4e5f5-8d9f-463e-b223-f10dade68b99,a9cda48f-5bc6-47eb-88d3-50606128be2d,8197 Molly Port Suite 124,Toronto,ON,M5H 2N2,Canada,b862138347a35c2eb7f76ac94e2a8de7
67f2dee5-1dc8-45a8-b9e9-f221c48aa57e,15da51da-ad36-4db6-958f-37f69e74b4b6,226 Ricardo Freeway,Paris,Île-de-France,75001,France,b3918a48e9f62914e2558af6f24061cc
9fdf6566-5fbb-4cd9-81fa-9689ddf602f9,e859ce9a-a9dd-43fd-9cd7-bf1bd8c13964,6053 Scott Expressway,Berlin,Berlin,10115,Germany,d7eff2d7189bab25e4f2b14b544889a7
2a6be74a-47b2-41a5-95f3-b8724bb1f8f0,968a9a9b-e535-45fc-802e-9f05148e0052,054 Jeffrey Ford Suite 153,Manchester,England,M1 1AE,UK,2164fa4c9256c3ed836cc449559e58ee
0a96bb31-e79b-43d0-9846-0caabde688da,68bdc8a7-ac0a-4ba3-a509-ce917bde451a,9539 Cross Junction Suite 928,Los Angeles,CA,90001,USA,cbbc83fb2d475b856d9a9a41f59c2233
f2a2e483-c7a1-4c6a-abf3-6c03abec56c4,65979d31-3be2-4e1d-8bcf-c43c3bfc1891,515 Kennedy Garden,Berlin,Berlin,10115,Germany,220a3e0b8f0ba96838bb2d6825e586c3
e14bcb9b-3d42-44f2-a7e1-b41dc6ca4067,f34607a8-f6d3-427d-acf9-3d905082506b,3193 Richard Junction Apt. 035,London,England,EC1A 1BB,UK,b96054a1cba6d26d307d0f6522bb6362
d4fc00b0-87d2-45a9-874d-830af86f63dd,32c5b93f-8271-4c50-a62b-e8f545caaa6f,1280 Soto Villages Apt. 913,London,England,EC1A 1BB,UK,8185299dd7e1ed0b2a146c11747335ec
5f06c03f-fbff-43ef-b7b5-0b4c02f627f7,1d301ea7-8438-4977-bbde-d4ecb1b9ca1d,55600 Brian Highway,Helsinki,Uusimaa,00100,Finland,42ec2cfb6118efe88b2645313e7ce147
fc72f068-755f-4d4e-8ab7-2027345a9272,9b1ddb4a-54b2-4afc-bce8-defb8d65c1f3,7836 Hensley Mountain Suite 826,Vancouver,BC,V5K 0A1,Canada,20eaeecb9d0cf232d78d53b424b54ab0
ee9fe359-70f8-47a1-943c-174f2fbd4164,270a78d4-d980-45c3-bf41-9c12bdda3546,29861 William Street,Vancouver,BC,V5K 0A1,Canada,1060609797650072d0f639ce0da5f9bb
29d2c19c-b8ff-40a3-a621-6a64f552bf3a,422d5e26-8e3d-4eac-b286-f70ead07c1f4,59124 Smith Street Apt. 124,London,England,EC1A 1BB,UK,7c69e45b0752c0c8da85380a58ce8621
4cf11d02-88c8-408b-97b4-f531935d6dcf,a5cef112-752a-40ba-b573-df00b771d56a,14099 Jennifer Underpass,Chicago,IL,60601,USA,7a00f4a0507b3ca973e58abfe90fa92c
f839ae82-e299-45e3-8206-2f7546977658,f34607a8-f6d3-427d-acf9-3d905082506b,41710 Carolyn Turnpike,London,England,EC1A 1BB,UK,fa729a53c4dbf6c1fc5bf851309d9e11
d969a93e-9ea2-4c15-9f7a-10ef2fc2e517,5f2643f1-ca38-40c5-adaa-748da8a72c69,0224 Robert Extensions Apt. 488,London,England,EC1A 1BB,UK,405cbad3e0a2f747fd4c195f6e892a57
82737446-8937-4fab-adb7-15e6305b02b8,1839e3f3-d986-40e7-b0da-022e91928a13,32002 Palmer Radial Suite 007,Los Angeles,CA,90001,USA,7c5424a68b3e455f31ba7f72c2ff7e3c
cbc4b77c-a3e4-4b36-8c02-d440765bd8ef,02cb4728-42fb-4733-962c-19a1d3c00406,9538 Albert Gardens,Toronto,ON,M5H 2N2,Canada,8dfd4b198946c4dea770a1a3de50d3bd
33a11f96-be22-45e5-92b2-3342b1a0549d,a0d03e66-36a9-4e3a-b061-90884a47209d,15064 Morrow Light Suite 139,New York,NY,10001,USA,2d88f1026f2194fb367aff199b8aea8d
dbdcd347-dd18-47d6-838e-4d4d4bdafc56,c0e366b0-4820-408e-94df-b7532085e9c5,10764 Perez Bypass Apt. 618,London,England,EC1A 1BB,UK,8e098fad3903826c7328ca4e267cae0b
d6b37b96-f478-44d2-9ae5-6113b5b78756,a9cda48f-5bc6-47eb-88d3-50606128be2d,61485 Hamilton Vista Apt. 081,Los Angeles,CA,90001,USA,739e7377b495b18bf26f1c16f2536076
56140859-06b8-4985-b7d4-f72aa306c5a2,b92ca163-e06f-44a7-896f-f4b2dd7e856f,465 James Curve,Vancouver,BC,V5K 0A1,Canada,4253fa73e7287bb259fb710f9b979817
b06a269c-27ae-4549-9866-f7d7c37a6633,e6dfc052-6a5e-4aa6-aca6-ff3581a23a84,7261 Reynolds Plains,Helsinki,Uusimaa,00100,Finland,39fe115aeada1575ba2698dd60debba2
c2f8c4f8-49b9-4ffb-acde-3135cb02e805,2421a4de-b9b6-4373-992d-f10380e8449e,331 Sloan Lodge Suite 638,Toronto,ON,M5H 2N2,Canada,249ae294d71d303c85f712d6c553da25
89fcd8d0-6e4c-4832-98ef-becce76470ee,bb8f9480-8fc2-46ac-8f93-942acc115626,8630 Alice Plaza,London,England,EC1A 1BB,UK,e089db2466d0bf642328bc53f68eac36
277797fc-2722-4c91-b607-a29f3b8b6729,5dcbd063-c98d-4d66-923f-e117989bd15c,5025 Anna Forges Apt. 295,Los Angeles,CA,90001,USA,eab71e97a03cbade2740e927d7d377f7
efa8c22c-e9b2-488b-86e4-2fd43a9c4164,e6dfc052-6a5e-4aa6-aca6-ff3581a23a84,13035 Kim Way Suite 723,Helsinki,Uusimaa,00100,Finland,9639de456b85514abf35b7d8b7f29c62
8a210151-ff47-48b4-8bb0-2bd3e3115c45,2998fa4a-22d8-4603-a0fe-09f27c36a0db,67282 Jackson Heights,Paris,Île-de-France,75001,France,ae6b3aa7226465abd4ef7013a89ada37
9a51a5f5-fb89-4d3b-9caa-aaf1027a28b3,fbd733a9-47d4-4e40-88be-709357213476,33113 Shawn Orchard Apt. 421,London,England,EC1A 1BB,UK,5443f96043c89b4ab031eda78ab043db
812f2ea6-f627-4258-8b4f-6f0b0df1f53d,796b2e76-cb5e-45a0-bba5-55e3896f4a19,9797 Michelle Wall Suite 522,Toronto,ON,M5H 2N2,Canada,c7c92abcc35344bc926f8884877e6b89
9d5c73b2-b68b-48b2-b702-7e76d469fccb,eb0851e2-3417-47e5-b97e-36ebf487607f,9798 Santiago Ville,Toronto,ON,M5H 2N2,Canada,d3aa44550b1a3aa56d804fdc8e1c0130
8069cd89-6050-4925-906b-a0b112de757d,a8fcbccf-0403-4a4c-a900-7f5c87ef1aec,4273 Michael Creek Suite 308,London,England,EC1A 1BB,UK,3b11ab232c8d12ee35644707c46c83f8
db4b4386-a8af-493f-863e-18f2e96be3d7,65979d31-3be2-4e1d-8bcf-c43c3bfc1891,832 Michael Islands,Helsinki,Uusimaa,00100,Finland,83553223082a75f5766a404f120b2ddb
4f92f048-09eb-4c94-816c-1d7f90849652,a8fcbccf-0403-4a4c-a900-7f5c87ef1aec,67687 Powell Camp Suite 912,London,England,EC1A 1BB,UK,a939ab336266d100caae7c69f0400b5d
97685594-1826-4b9a-b4b7-b6a69654c476,bc0e387c-0b60-4a80-9ee9-45178de8cb66,728 Jon Village Suite 358,New York,NY,10001,USA,83b7af186f835a68866228ab4dba75b8
a48e18dc-5625-4afb-80fa-248dbeed60b9,cc7e6efc-6c65-4b2c-9314-ee7b451acbdf,932 Brian Point Suite 565,Los Angeles,CA,90001,USA,48a910c84a532388ffd6560890b7ae6a
67ca5a65-43f6-4d63-9647-e879f56c798a,d00399b5-89cb-48fa-8d60-5ea1f649b655,8017 Shelly Rapid Apt. 688,Toronto,ON,M5H 2N2,Canada,ea1f23f75014d4601fce40e95739a6df
1f9aa2eb-7b6a-45b7-9d14-06d61c5a3517,f794693d-2fce-4b93-9462-2e86678f3a10,55196 Morton Shore Apt. 691,Chicago,IL,60601,USA,0ec0534730b12de09c15e41a961b1a5a
14c84972-d4ac-4e78-85e7-a6a109f814e4,9d69cc1c-f492-4f69-938c-91efee85a672,31404 Mark Keys Suite 813,Toronto,ON,M5H 2N2,Canada,e91075ac73fc7388e12879c0da7d7f99
982632cb-3a03-4566-8c0f-d000bdc77983,e859ce9a-a9dd-43fd-9cd7-bf1bd8c13964,26892 Susan Brook Suite 820,Chicago,IL,60601,USA,f45424fb33d68f9de8211521def2e6e5
a00989ea-f653-40a0-a961-8b432bdbbe29,f326cd1e-3549-45d6-9382-4ce1eebadcf0,7441 Justin Loop,Paris,Île-de-France,75001,France,fd978e0f27365161bdf21f354e94ef97
a941a9fd-8b5e-4c73-90fe-ec0107dd56f0,98079c5e-8c4a-4564-9ca5-658f9db89953,071 Jones Landing Apt. 465,Paris,Île-de-France,75001,France,3b5a48850fbdc1428a71c4a28adfe694
d5f00a38-8550-4ca0-b355-3ff357cab843,8070fcf1-87d8-48e5-988f-1f369c06cdc1,11872 Harris Isle Suite 903,Toronto,ON,M5H 2N2,Canada,0227ca573e59adc6cc5e28812a115ce6
01ee8d83-2a17-4ae8-a120-16c287945ddd,653cd13f-483a-49af-9e45-04707ae1508e,5116 Smith Valleys Suite 840,Chicago,IL,60601,USA,91333f3dad1cb288f0a0b1e2747809e1
1e074e8d-449d-468e-8fab-bfc422f327c4,bb8f9480-8fc2-46ac-8f93-942acc115626,05953 Sharon Squares,Berlin,Berlin,10115,Germany,2430b8bd6f020c0c0ded692f329132c8
2e8f747e-e2cd-492c-8c0e-14b9a927d97e,2e90cc5a-37c7-450a-ae09-18d7be038c34,580 Barnett Lane,Chicago,IL,60601,USA,645461909fb495fea3e601cee5778a98
b83f85c1-6048-4368-8d51-4348d2893a34,dbe6c8e6-7cc4-477d-ab61-f3f2e5dce341,69668 Jill Terrace Suite 746,Los Angeles,CA,90001,USA,b156f86f40c3a47719c5a5c32de4b9fd
51104985-9e95-455d-b58f-65bc22a65053,9de85a38-608f-45f2-b25f-78aab3924fa9,9769 John Run,Los Angeles,CA,90001,USA,ef84c7e5d55f38bf60c8017da43c1e0f
2982df71-cf1d-45d1-8641-7d8c5a2ccb59,11f5a691-d739-491e-8a3d-0cac3ba34fc5,403 Thomas Dam Apt. 204,Helsinki,Uusimaa,00100,Finland,39730a3832aec56e99d4b53e0eb867c0
300318f1-6473-46b8-a4bf-9b3a1a1b0b0c,84f6c6dd-37d3-4909-801e-b3d78f3e8099,8443 Rodriguez Burgs,Helsinki,Uusimaa,00100,Finland,59a6b2bfef5929bb1fbff4fd8de23333
ce9a6ada-2514-4bfc-8c58-34ef7e31f515,ecd4feda-08f5-4652-80fd-4406a1316c5d,53912 Mary Green,Toronto,ON,M5H 2N2,Canada,a83750f09dd2e8a6a32231bbb423acb6
5ab95ad4-3c70-43c2-bddc-fb43e0c7f518,8070fcf1-87d8-48e5-988f-1f369c06cdc1,806 Kristen Lock,Vancouver,BC,V5K 0A1,Canada,b773d9327c3927d6d015e1f2b22cb27b
e07de824-1234-478b-ad21-da882f406c78,270a78d4-d980-45c3-bf41-9c12bdda3546,58690 Hobbs Corner,Paris,Île-de-France,75001,France,9e2463476a0a26366384f3686b8587b7
fd59cc81-695b-4021-b17d-6c83f5d13cd1,e27170d8-ce33-4bf7-8f25-44b9c31f435b,93113 Garcia Springs,London,England,EC1A 1BB,UK,789c083cd59e45ebc4e4c85114c87a68
2bfb7068-d489-4960-901a-33d17036ed35,32c5b93f-8271-4c50-a62b-e8f545caaa6f,8308 Newton Neck,Los Angeles,CA,90001,USA,0766e23c83745740d61ec3ae6232b147
4069ff60-c0c2-436e-b906-de013a6eedcd,dbe6c8e6-7cc4-477d-ab61-f3f2e5dce341,26770 Guzman Circles,Chicago,IL,60601,USA,207cb42a93889ddec5ff57946de3a7ba
67aa61a5-a429-45a7-bc51-b7e3f5c710a6,f34607a8-f6d3-427d-acf9-3d905082506b,82488 Christopher Harbor Suite 820,London,England,EC1A 1BB,UK,eb32820da5b73422d2fad741707dd899
faae23ae-0965-45e6-a42e-bc18db54fcf7,df600f99-242b-4e78-acfa-07fe39eabd9e,18079 Mays Pass Apt. 065,Manchester,England,M1 1AE,UK,a758ae13eaeeff253d11bf034906c6cf
e5155a3e-99e2-4e95-adf0-02335d33f085,653cd13f-483a-49af-9e45-04707ae1508e,47957 Booth Cliffs Apt. 960,Paris,Île-de-France,75001,France,d81d582445e676e7253aad8b3af7d87d
b1a845a3-0dda-4793-876e-51822b32c951,3bb1717d-21cd-470c-9e89-3c63077a1359,13210 Soto Streets,Los Angeles,CA,90001,USA,b3d1450dec5031b2b008bea9e7c224f6
8d3d0ce5-8487-4102-93da-c5b127cb5c60,788d99f0-9972-408f-858c-28268e4d1d93,47271 Danielle Hills,Vancouver,BC,V5K 0A1,Canada,12fe63fc311610ab57e112623934369b
4d3e0cb7-d16d-4895-8a7c-3a42984c5df0,68bdc8a7-ac0a-4ba3-a509-ce917bde451a,94841 Cunningham Mews Apt. 502,Toronto,ON,M5H 2N2,Canada,ba81ffc95a1044a0756186363c6d8985
17d0ca69-8d11-4cbb-a76d-f01bb663aec4,2c063f55-8e12-40f5-82d1-e02e8211dcaf,14689 Kim Forge Suite 368,Los Angeles,CA,90001,USA,8d035e5cf43c9947caa0f3967108a9ec
d81c9868-6a32-4b6e-896a-357ecc8b507e,f326cd1e-3549-45d6-9382-4ce1eebadcf0,669 Brown Road Apt. 277,Berlin,Berlin,10115,Germany,8bb9a1fa8e55d8918cae9129c349298c
5cb19eba-8e03-4346-a8bf-c8e9c1d53d18,a5cef112-752a-40ba-b573-df00b771d56a,911 Shannon Expressway Suite 835,Manchester,England,M1 1AE,UK,5d0f4bc7c8a7eac94cfafabcc790897a
45a36c4e-623a-4743-ba06-9474467394d2,0094c41e-8408-4846-b185-fbf114db7a0d,670 Anthony Springs,Toronto,ON,M5H 2N2,Canada,64e5894c2c5ed4f22a54468fe3aa3afd
c1794db1-bab8-40d6-a9b1-6112c501c5a9,a8fcbccf-0403-4a4c-a900-7f5c87ef1aec,5658 Contreras Station Suite 946,Manchester,England,M1 1AE,UK,df8aaa0ee93ae14784a305edc07e241a
b57c0406-3a17-4525-a0b6-df4373b61932,f34607a8-f6d3-427d-acf9-3d905082506b,385 Julie Coves Suite 664,London,England,EC1A 1BB,UK,9d81ba5eb48c20cb0227a29fdc52c52f
1ada2a0a-706c-4a5d-b065-592d2e5c13b5,8070fcf1-87d8-48e5-988f-1f369c06cdc1,071 Ricky Isle Suite 002,Vancouver,BC,V5K 0A1,Canada,7c36b6c9ed4300398f5fb6bc6fd0ad76
88fad10f-251a-4d36-888e-dcf2592f9e31,5dcbd063-c98d-4d66-923f-e117989bd15c,2956 Hunter Burg Suite 119,New York,NY,10001,USA,da9e67ffd2d55d8d590775bc1827e20a
a0d74376-3242-4bff-9204-dd844ec964db,efd12b55-23e9-4f58-a207-35e1da7e7afe,2594 Trujillo Stream Suite 126,Toronto,ON,M5H 2N2,Canada,6a1de0803ce369eb48d31b67417a794f
2afd5c34-695f-4a44-9adb-75650abf3ab8,85c32511-7f37-4de1-882f-2efa8040dea4,14000 Jesse Mountains Suite 736,Los Angeles,CA,90001,USA,0d188b9497802f834a0f1bef8dc3f415
93e58c1d-cee0-42f8-8a32-67a79661a43c,df600f99-242b-4e78-acfa-07fe39eabd9e,1713 Campbell Junction,New York,NY,10001,USA,a64158597d84f3953236ea1214c4bacb
45ba7d7b-c82d-4611-b010-f92cc6c3003e,0475a1c4-c35b-4ecb-be0a-6103af0e3d5d,64997 Miller Hills,Manchester,England,M1 1AE,UK,0007b85887e5f16d999160878f15e7a0
5e54d27d-be06-4801-807a-9e89d44e52bb,7f191b14-927f-4975-84a6-4139f6dc9dae,25595 Rollins Ferry Apt. 183,Berlin,Berlin,10115,Germany,69b3e19e23f4b01ca7ace02e0cb63d64
d708bd83-b075-4e12-8f8d-76fd93b27e6d,8070fcf1-87d8-48e5-988f-1f369c06cdc1,425 Johnson Lake,Los Angeles,CA,90001,USA,898143f74eb70d929f3ef1f3dbcad677
abfce772-7861-4f3e-a049-faa9561341e4,98079c5e-8c4a-4564-9ca5-658f9db89953,837 John Cove,New York,NY,10001,USA,3422196cd4cffc98d8e5766962286ac5
bda67a20-1513-4764-a68b-ea9443fe49e6,017092b9-a700-41e2-8365-eeeddf441c3d,860 Jones Isle Apt. 485,Chicago,IL,60601,USA,b400b19e6f5da132528a2acb1e6f9f90
247de8a2-eba7-49c4-9151-b162a796c8a8,11c38e31-9cd1-4350-ac64-1e541ef9fbaa,743 Tara Burgs Apt. 089,Berlin,Berlin,10115,Germany,35f7dddf3ba11fe77640a19af83ab265
43368000-38bb-47fc-b415-5d00fd61feff,32c5b93f-8271-4c50-a62b-e8f545caaa6f,0964 Bennett Falls,Vancouver,BC,V5K 0A1,Canada,42f7ac21a1d1d9cd620389dc37a89cc0
f13fa934-a605-4311-baa7-395548910de2,5dcbd063-c98d-4d66-923f-e117989bd15c,418 Melissa Mountains Suite 430,Vancouver,BC,V5K 0A1,Canada,59ce93f7f1195d8a67ef90828d1ebaa2
23729388-4fba-4c19-b78e-bc367e3b96b0,3bb1717d-21cd-470c-9e89-3c63077a1359,141 Torres Roads Apt. 574,Berlin,Berlin,10115,Germany,34822e3663965acea68069ef2f398923
8cef3007-12cf-41b4-b734-c9f3111b8699,98079c5e-8c4a-4564-9ca5-658f9db89953,472 Tiffany Mews Suite 117,Paris,Île-de-France,75001,France,b386568c8c0194a976da735e0e89571a
4804460c-4a08-4465-8b18-da27e7215537,2e90cc5a-37c7-450a-ae09-18d7be038c34,47027 May Trail Apt. 498,Chicago,IL,60601,USA,e131a89672ba7fa8125928dca09bf80b
b56d86b5-28bd-45d0-bb56-0e41d7aeb77f,796b2e76-cb5e-45a0-bba5-55e3896f4a19,11724 Frazier Turnpike Apt. 465,Vancouver,BC,V5K 0A1,Canada,dc51b7dffdf585c391b4aa2f5f23f074
77a770e3-a0e7-4480-b014-876da2baa995,796b2e76-cb5e-45a0-bba5-55e3896f4a19,461 John Bypass,Los Angeles,CA,90001,USA,3d7339c263482c2053b6d7fc6a1f5783
69f309d0-93b6-4e53-a5d5-53f46cd7bea9,90448626-31aa-4d65-a854-dab84c21bac0,20298 Howard Inlet,Berlin,Berlin,10115,Germany,dcbea96df0793d8c9100fc1c50e3db31
c38b3d4b-9176-4883-b72b-f3b43bca7aa1,fc2265ba-8133-4e60-af32-0b135f4fc3cf,2673 Elizabeth Wells,Berlin,Berlin,10115,Germany,3af0329761d8c2ac989ad34a9a4177a3
3f8187b7-49a2-42a7-ad3b-ba5d034ebf0d,93a2faf7-17c8-4513-b63e-f27c8b36314e,0472 Charles Glen,Toronto,ON,M5H 2N2,Canada,0e64d82ac51925276e8c58cfdb68bc13
d2c2b2e4-5043-47db-a65d-bd506fd104e6,829df66c-a6f3-474c-bc06-48d34aa71c44,602 Pope Vista Apt. 406,Los Angeles,CA,90001,USA,4e4294fd3802d429b726b33b16d38939
517e3a00-b3de-45d9-961b-5f5b761ed4a5,788d99f0-9972-408f-858c-28268e4d1d93,96317 King Rapid,Helsinki,Uusimaa,00100,Finland,deb30f0a50529df2273b7d5ff4bdab43
3ad4ffd5-3214-4d38-8372-a8aaf5ebcc30,7c5d467f-5fb0-4f77-905f-8acef67d84a3,43966 Joyce Alley Suite 780,Helsinki,Uusimaa,00100,Finland,a166207da6077760b42506b66b96e3d5
9bef6670-e7b2-4237-874f-f3e97660e517,66beab47-39b9-4dca-b770-73f070a08070,13303 Rowe Bridge,New York,NY,10001,USA,c04feac02b8f89516fe20fe63fc60432
03549362-b999-4e65-a147-9951199b866c,2c063f55-8e12-40f5-82d1-e02e8211dcaf,7510 Brenda Shoal,Chicago,IL,60601,USA,b2489ec66ac36156a52f319f9716e519
5ee379a0-772c-40c8-a499-843e277288f5,e52160b8-9208-4ee8-b49e-702370bb38e0,015 Cannon Island,Vancouver,BC,V5K 0A1,Canada,3aaed5ebce817d258286844abaed0fab
da7c1c56-04c4-4bbb-ab6b-777cdb570e4b,d86011eb-bd81-4aee-b905-18ffad895411,69595 Ashley Islands Apt. 989,Vancouver,BC,V5K 0A1,Canada,37d19d8bb969bc121283ca6c1f1d2224
1bbad0b8-2ef1-45b4-b67a-1a56ba93a0f6,bc0e387c-0b60-4a80-9ee9-45178de8cb66,7690 Davis Path Suite 319,Paris,Île-de-France,75001,France,2c070f404e0ab506f8e50f1bb22b0581
46e127ae-63e9-4780-8320-0ccefda49852,cca906af-6247-4f65-82be-311947bfff74,035 Townsend Prairie Apt. 622,Toronto,ON,M5H 2N2,Canada,b17f82306b9a3c7936233d1024c44f20
a5a0c9b4-8f38-47cb-a7cf-abc4f14a2f97,2998fa4a-22d8-4603-a0fe-09f27c36a0db,139 Brenda Shores Suite 287,Toronto,ON,M5H 2N2,Canada,8f06a6c819eebe7968425556015e5d66
82ca2035-07b5-4bff-9318-df7ee30d43c9,968a9a9b-e535-45fc-802e-9f05148e0052,6511 Johnson Ville,Vancouver,BC,V5K 0A1,Canada,c06f24b218351233e42c9b6bba4d9116
3e235ef9-4c02-4274-a09c-0aa5ec6af913,98079c5e-8c4a-4564-9ca5-658f9db89953,73106 Martin Orchard,Los Angeles,CA,90001,USA,217c2065886e2c2aa318ff59ea10488a
047fed36-2ad1-4f57-8adf-65d72a8c4883,0cae327d-3c1c-4b9b-b1e0-103207463ade,7639 Steven Cliffs Apt. 434,Manchester,England,M1 1AE,UK,27ffd41e2d2272b943937750f3fceca9
ab5c0e10-a821-45d3-a919-0d20019bf6a3,98079c5e-8c4a-4564-9ca5-658f9db89953,62864 Fuller Fall,Los Angeles,CA,90001,USA,2cf580e17dcdcb482a0133e95072021b
d9135f5b-f9cf-41be-b9d8-b89cd8f57045,5cefce5f-5a44-4f10-8dd7-0c809c4c169e,76114 Simon Roads,New York,NY,10001,USA,897c22d398c08a4b6986cfe4164ec161
73fd2811-6fc2-4071-87c0-3ca7e87d4a8a,5e419f86-6e6b-4b45-a140-d03228124ecb,4815 Ramirez Locks,Manchester,England,M1 1AE,UK,841ded7d0d83a9a61e25e8929063cec4
55080667-edf3-4533-99f1-ea996f488c17,65979d31-3be2-4e1d-8bcf-c43c3bfc1891,96945 Michael Skyway Apt. 613,Los Angeles,CA,90001,USA,2d4ab7547d3f2d743a083ef82e164f38
a9a69699-47c1-4b3a-9b81-889f0fe38886,bb8f9480-8fc2-46ac-8f93-942acc115626,8971 Cook Creek,Vancouver,BC,V5K 0A1,Canada,16a85f784b00ecf1491eeb584ee6b4e3
63b4cf52-8fe9-4c28-847d-c0603ab12e6b,86664865-4e84-4896-b9b1-3d58a3c19a13,2301 Trevor Unions Apt. 893,Toronto,ON,M5H 2N2,Canada,9a8d27b9e3732777ca01e4ca35b5e273
0f9409de-c5fa-4718-9077-ad407742a33f,5f2643f1-ca38-40c5-adaa-748da8a72c69,6652 Gordon Gateway,Toronto,ON,M5H 2N2,Canada,d3aa92b489b5509ca4e02de2ea79130c
e36c2367-a7cb-4688-9df2-b14ba899fddf,9e99f1a9-2f4f-4656-b1f9-52feeb5fe236,4401 Mckinney Locks,London,England,EC1A 1BB,UK,b08a6d6823b8722954e7c4db61d660c3
76b8c7d2-34cc-4575-852a-c9a3dd52f878,6ade7926-18a4-43be-bb13-3e4a5b1f455e,446 Fernando Roads Suite 664,Paris,Île-de-France,75001,France,31de02491b712346a53b73f01aa85c45
ba21b33c-c260-4cbd-a480-7c7462081601,e27170d8-ce33-4bf7-8f25-44b9c31f435b,29971 John Rapid Suite 723,Vancouver,BC,V5K 0A1,Canada,7d56672fa09823a1416802e618d27877
d53381f7-374a-4f2b-943b-b5ba56a4768d,cca906af-6247-4f65-82be-311947bfff74,48807 Cheryl Skyway Suite 314,New York,NY,10001,USA,15b29b0fa085eb1afedfef31824606dc
4f8d988a-477d-4411-bdc3-dc1dbbfff8ad,67004733-16a8-4c2f-9db5-f4bcfa0a4a3b,185 Perry Lights,Paris,Île-de-France,75001,France,2df586efdf0f6cacbd8e1379918c26a5
0841ddd4-1517-4697-bdd4-86a78fd9799b,0e725382-cfa7-4eea-b824-68123317826d,24390 Michael Skyway,Chicago,IL,60601,USA,2f7ba6674392a58d5b0d5738312e3aa5
46e6c430-7372-4c96-adea-521990969f90,8070fcf1-87d8-48e5-988f-1f369c06cdc1,324 Gina Ridge Apt. 594,Chicago,IL,60601,USA,79051e83ce9fac0de227724be026a328
30451b9a-f62f-432a-a3ad-7021cb9740c3,6b429bc0-656f-47dd-9580-28efbaf20c9b,689 Howard Crossroad,Toronto,ON,M5H 2N2,Canada,4188966afe142146b5614f72ab488bc7
31e7b86b-b0c0-4b59-a505-0a06ff838022,796b2e76-cb5e-45a0-bba5-55e3896f4a19,60718 Fuentes Brooks Suite 528,London,England,EC1A 1BB,UK,99b7f206cdd2fea465c75fac4340a68a
9384e165-d43f-44b2-aa58-21eeeb776c10,968a9a9b-e535-45fc-802e-9f05148e0052,32909 Wilson Mill Apt. 884,Paris,Île-de-France,75001,France,fb57ebd8a90766ec44cbd2ca18842fe1
0ef6ef47-eb07-48f2-bc35-9befb9183349,cc7e6efc-6c65-4b2c-9314-ee7b451acbdf,343 Moyer Points Suite 972,Los Angeles,CA,90001,USA,b1bdfa46a664589056fa6d9c172c11b0
8290189e-bc93-4efa-9554-17b4d9b0f8ed,1d301ea7-8438-4977-bbde-d4ecb1b9ca1d,9134 Bruce Ports Suite 832,Manchester,England,M1 1AE,UK,86c4a9c51b0702447581b19559429007
e9d7ebc4-c77b-4972-b5a3-7d5dcbea2aab,02cb4728-42fb-4733-962c-19a1d3c00406,67645 Nichols Neck Suite 685,Los Angeles,CA,90001,USA,a6463db0c5e20613b7d30e9731d41c3d
2df22ae1-bf4b-4647-b414-d243bce0b1d5,67004733-16a8-4c2f-9db5-f4bcfa0a4a3b,7863 Johnson Place Apt. 909,Berlin,Berlin,10115,Germany,2d77eead27abf2cf6e3ab3077e6f2c7d
e48f5a50-1318-4bf4-a47f-dbeec0c6a8e9,67004733-16a8-4c2f-9db5-f4bcfa0a4a3b,46832 Steven Springs Suite 947,Helsinki,Uusimaa,00100,Finland,5c74ef4b8a609b004391686123ec6a23
057f60e2-1c3c-42b9-8957-15c0954f4f06,f34607a8-f6d3-427d-acf9-3d905082506b,5534 Daniel Ports,Berlin,Berlin,10115,Germany,1a35cdd78d7b4477c3cdcc7dd822768d
11ced612-b4c2-4479-9dd7-6cdf1ba191fb,d00399b5-89cb-48fa-8d60-5ea1f649b655,647 Tammie Motorway Apt. 707,Berlin,Berlin,10115,Germany,e703f84a5cb7a7df43d0d8137215a830
0f177fb2-c9c6-4f88-9c84-9787b232ae32,6e33f6a3-8056-4cdc-abd5-b6554a925aca,48750 Kara Wells Apt. 965,Berlin,Berlin,10115,Germany,4dc54e43d2326cfca28fc0f89f5b026c
469607a5-21a0-4c2c-8745-017c781061aa,796b2e76-cb5e-45a0-bba5-55e3896f4a19,042 Evelyn Views Suite 163,Paris,Île-de-France,75001,France,799f4955c36b51255ae20fa85243ca59
b0b15c6b-f4cd-4781-90af-eb9d4b32fc2f,270a78d4-d980-45c3-bf41-9c12bdda3546,7208 Pitts Cove Apt. 616,Paris,Île-de-France,75001,France,75b2cd737ffe9102e68c40cbc4b196a4
990b5e52-2d57-4f35-a8cf-1858ef2aa214,7f191b14-927f-4975-84a6-4139f6dc9dae,6939 Charles Corner Apt. 995,Paris,Île-de-France,75001,France,842e24373d699d64be2f90e589210f97
f0b4b1d6-0101-464a-88e7-98f4993fc842,653cd13f-483a-49af-9e45-04707ae1508e,2781 Amanda Centers,Los Angeles,CA,90001,USA,2d4903447a92b110c6c8c1a718691fd6
737e0432-fbcc-48ed-ba54-549977283a10,7c5d467f-5fb0-4f77-905f-8acef67d84a3,75371 Jackson Mountains,Berlin,Berlin,10115,Germany,98cdd4d2739439bbf774410449801e08
df1c6a5b-ca50-48fc-8dab-d1f5eb8a396e,2421a4de-b9b6-4373-992d-f10380e8449e,036 Peter Valley Suite 433,Paris,Île-de-France,75001,France,dcca69b99f8ed59342a560659b7c10b7
7300e62a-e788-43cd-9076-ce784726a38f,968a9a9b-e535-45fc-802e-9f05148e0052,8855 Scott Trace,Los Angeles,CA,90001,USA,2eea6b0624f679c252209ab8ccafde4f
102aada7-ee04-4bf1-b053-4c00ccc55636,788d99f0-9972-408f-858c-28268e4d1d93,2777 Andrew Dale,Toronto,ON,M5H 2N2,Canada,3b5ad70adbde30ef01861e5b696d0919
4aad05b9-15d3-4ddf-8e65-2ae36fe3b572,ee85931e-020f-4408-8af2-2b9bf4edd7b8,0316 Johnson Trail,Berlin,Berlin,10115,Germany,b45f38a3da58099933fc97200509582f
9a01b344-be81-4dc4-b85d-2fda44fc5304,6ade7926-18a4-43be-bb13-3e4a5b1f455e,5173 Dawn Terrace Suite 177,Berlin,Berlin,10115,Germany,bf0bb512a88d3098446b72e3f7beadb3
75311abb-58a3-4508-bedc-6425660a541a,c0e366b0-4820-408e-94df-b7532085e9c5,887 Wheeler Green,Toronto,ON,M5H 2N2,Canada,587bf805ebd4ea7f1561ebde02c56ecb
5317dadf-8255-4883-97e9-48dfc627ab86,33a546d5-7808-4799-bc38-8b809d0c5ed7,18114 Denise Springs,Paris,Île-de-France,75001,France,01e75aa0ca8b7f3a0538d5319cea8586
f43835da-f2d0-49e7-881c-c7a6a981f510,98079c5e-8c4a-4564-9ca5-658f9db89953,19197 Mullins Mall Apt. 267,Chicago,IL,60601,USA,6f989e867ac5ffee9a74c65267107d43
d221c181-6ab1-420d-b560-da61cc75a243,f326cd1e-3549-45d6-9382-4ce1eebadcf0,5698 Wiggins Forest,Vancouver,BC,V5K 0A1,Canada,2b97debf4cc99512e8035b9cd1b648f4
4a97b496-d087-4c8e-9586-e6e2625053f6,2cc9a5a2-91d7-492b-8d35-7118e35f4dde,654 Lloyd Walk Apt. 230,Paris,Île-de-France,75001,France,2550c115e8441f65734abefb06c4dcd4
93b001e2-daad-4bdf-a53a-4b97c702fcb9,422d5e26-8e3d-4eac-b286-f70ead07c1f4,85938 Johnson Meadow,New York,NY,10001,USA,cc85fe13c9402faf5ac372f92dba27c3
5df45d67-01a5-40a0-9696-7b2541fce3eb,bb8f9480-8fc2-46ac-8f93-942acc115626,8020 Jonathan Spring Apt. 331,London,England,EC1A 1BB,UK,9b4aa862ad7d35938ffe73ccc2aff6c4
9808c3e5-4b38-489f-b103-fe8245e22130,bc0e387c-0b60-4a80-9ee9-45178de8cb66,78081 Ann Parkways,Helsinki,Uusimaa,00100,Finland,fcbc1cede59205f2a43e5bf31016cb72
d52d94e1-d210-4b16-8794-22fe03c9b9fc,5f2643f1-ca38-40c5-adaa-748da8a72c69,034 Collins Roads Apt. 773,London,England,EC1A 1BB,UK,c758c158de6963ded0e05411a618ad0a
e7afe14d-32b0-407d-9c28-2f677af8e810,e6dfc052-6a5e-4aa6-aca6-ff3581a23a84,5365 Leslie Lodge,Berlin,Berlin,10115,Germany,29c1cd4360fc00fa3035ef06800cd00e
99f8634e-faad-44cc-baf9-47068a15c173,ee85931e-020f-4408-8af2-2b9bf4edd7b8,683 Michael Island Apt. 686,Berlin,Berlin,10115,Germany,8e4b8df1bc737d0917a67ff6b92dbaa0
ca8ee338-1168-47cb-a4ef-e175a056de71,cca906af-6247-4f65-82be-311947bfff74,6564 Reginald Branch Apt. 037,Paris,Île-de-France,75001,France,f8d3a3746b7e81ff5236d12de3f40ef1
9473687f-f9a3-49eb-aa29-162567e4183b,422d5e26-8e3d-4eac-b286-f70ead07c1f4,06392 Greene Village Suite 031,Toronto,ON,M5H 2N2,Canada,8193d9b3e9c7e9c83d9e39f0cb1a23a4
982696c4-7f15-4b8a-b8d7-4aa800085d61,efd12b55-23e9-4f58-a207-35e1da7e7afe,383 Stanley Way,Los Angeles,CA,90001,USA,2d6b98c8812ee836d1bad9129bf727ea
