TicketID,CustomerID,IssueDate,IssueType,Description,Status,ResolutionDate,RowHash
d0f5c27a-251d-4385-9a9d-58a204ddd1a1,1ec6401c-af70-4c67-9fcb-d23f4d81c222,2025-03-25,Account,Give success speak draw table trade tell positive.,Open,2025-05-20,14e7c6a4ebdc9313ef493063b0af5583
2ed92546-3170-429b-b1e0-d642efad8a2e,35cd3389-a750-4471-b7cd-a6867eab2059,2025-04-13,Order,Education simple drop manager over accept right quickly security.,Open,2025-05-19,ac900fbeca5d0be40ac6ce54402fe57e
5307464c-3d3e-4f2e-947f-04ef809aeb33,5284e028-7fb6-4018-89d5-ce025a319044,2025-03-21,Account,These politics else there down source glass network walk significant lot account.,Pending,2025-05-14,3d38b53aa2cd8c2f78c972018f99a2c7
f1b23c45-7cbf-4e7f-a78e-fdedb16cef7a,da1a1b39-3826-4312-8001-62e063765da4,2025-04-03,Product,Cup move understand oil cost parent easy over field science.,Resolved,2025-05-12,4da58ed8281db1da728e55eb77033f4a
bc39e522-8735-4db7-9a01-19c28b708584,278ca537-2d59-432f-8fb6-8c7ddf229383,2025-04-19,Account,Specific ahead determine decade whose then beautiful ability they despite specific.,Resolved,2025-05-20,2e709caa72ff649fab7e8b3e42308877
61526a04-603c-4fcb-97d0-139078b5a6d7,43c631a5-c6f4-4cfe-b35d-b6f82ed4cbfa,2025-03-08,Payment,Fire animal scene center guess discover mouth.,Closed,2025-05-19,21c38f50501f29997ba05400f5cf1fd1
e36c0851-d1aa-47e7-af91-2267e03b1785,1036f013-cf05-4733-8326-ac9a3cdbd600,2025-04-08,Payment,Deal through under level positive entire work small too tell seat easy surface.,Resolved,2025-05-13,181ceadfd78a2e8cae7c75c939fe402f
32faec63-85c7-4cef-8f6b-4c53ced9b1d3,cdb5a849-dc66-4686-b464-55236546b3b8,2025-05-09,Order,Cultural six people enough friend chair approach western offer stand attorney theory again pick.,Closed,2025-05-17,7bf1e7f25b4bae839c650e10b2b57a16
06c322e4-0972-48ac-bad9-a63a149a61d6,54586ec1-8a90-47ed-8f4a-46bd59c8de6c,2025-02-15,Payment,Sound body them foreign hot with energy thing little plant dark cultural door strong.,Pending,2025-05-17,b3ec2327f15cf3eda34b6d23a187e023
1437a93c-5eb6-4c21-8880-c2162efd78d8,a1dfb0b3-e0a4-434e-bd3e-f864bb8e20d0,2025-02-19,Payment,Edge threat language pretty especially water month decision game watch treat.,Closed,2025-05-20,e3f63f58e97b44294e05456b9036fe8e
59b94da5-52b0-41ee-bbe4-edc309d71a5b,ede5d411-63b7-4378-9e5a-8cadd43829ed,2025-04-25,Account,Improve control level risk team like item like lose.,Open,2025-05-19,d57d512aca44ec479f6cb8a65feaff8b
57e32019-decc-4ea5-9654-9eff7da14d76,1355cb58-b8eb-4a53-abf4-ad8d4e6564ad,2025-05-04,Account,Quite build civil consumer third human believe despite body could left hair popular minute father.,Pending,2025-05-20,a0f799f0e0945d0033ceaf9fcbe760ed
a446e4c1-4013-4751-aa4c-2115757a6713,229ff9ef-48f9-4c2a-beed-61c3dcdd5e96,2025-02-20,Product,Training eat in may across true measure without majority at.,Closed,2025-05-12,57ba0e08a7c86f7f7cb107cfaa7eb253
0259f2c5-b30d-4d49-b5b7-c00b5161d227,911e18b2-a5e5-4e2a-9886-3ac97b737548,2025-04-12,Product,Suddenly guy though stand environment many whole month seven quite feeling most especially.,Pending,2025-05-14,6c05ce80c41eb388f83117d8efeb4160
a9945679-6f5b-4417-9202-725bc4273980,0fd8efff-2556-4eb8-b525-f43645d78516,2025-04-30,Account,Direction military shoulder leg item tend process.,Pending,2025-05-20,5283ddb38652abc623ba8748f15d127a
7bb318f8-5929-467f-b9ca-ae303dcd7509,e503e620-bd46-4784-9574-69c6d5ae28f7,2025-04-17,Payment,Test there per look method pass country.,Pending,2025-05-17,fb8d18ca6cf0810e13f75ce92e8e97cc
bb0285da-c5bc-4f4b-878a-52bca0b0ef47,38f082d0-6daf-4e49-bea8-f4fa2d445408,2025-04-05,Product,Each production hope worry early way into season for person stock way yes thousand.,Closed,2025-05-18,74c60422e60be2983c0970c25ce1bda7
85a4f874-6e9d-4a44-8e25-67a289591802,5284e028-7fb6-4018-89d5-ce025a319044,2025-04-06,Product,Too you onto agency yet will almost phone he above require garden interest person approach.,Closed,2025-05-21,ec8134122625286b65fec62a2696c6c0
bbefebd8-60ec-4fbe-8dec-dbd2e1ec871b,fdcb347b-470a-477c-bbbb-b13c63aa0f8a,2025-03-18,Account,Deal treatment also candidate way probably I cultural again.,Resolved,2025-05-19,053dfc7a840bf6bdf4ce9d79c777a4a9
b64d17a6-027b-4500-bdad-ce926d649bf1,1355cb58-b8eb-4a53-abf4-ad8d4e6564ad,2025-05-01,Payment,Travel group who good why without ahead others or.,Open,2025-05-21,0772cfc94bb1f917b57be7a67c0b197b
8f1b3fdb-aaab-4f38-9b97-7bc1c045049b,7dd2f702-b0c6-4fbb-af8f-340e7498465c,2025-03-17,Product,Source success sound radio decade clear brother term physical ground behavior.,Pending,2025-05-15,cdb40901d6aaa2982b09694fa00aa7f5
9c3302d6-8558-46dd-aa3a-cb52afa8bbb6,d8346418-a6fd-4790-a776-669ec930f2f3,2025-02-11,Account,Factor customer professor mother record serve realize.,Resolved,2025-05-16,b53a9becdc61fb2c22fe0e8c750c452f
5378d940-7148-4212-bd83-e587852643aa,83dcbd2d-4fe0-4aab-a4dd-0fad8fa6abcf,2025-04-02,Payment,Space area more buy really note travel argue whether.,Open,2025-05-15,13adde2b4c0c7f1cfafc6476fc716c3f
7ae9cc54-13c2-4b35-bfcd-9e04bc80b93c,fb42f717-1960-40df-8d22-8829ab963b34,2025-04-03,Account,Remember design might kitchen station outside those only moment security even.,Closed,2025-05-20,db3479314f5145d5d1d0a8f7ff609db8
489b3d4f-1385-4c79-a523-53569d0110da,958eb126-40d5-4aaa-8f85-3c7e2a0409b1,2025-03-14,Payment,Door stop hear be church certainly question share that job ever capital.,Closed,2025-05-16,4eabe46c719daa15e82ac3f19102ddcd
ea0a182b-be1a-4b92-904b-48b937b7aaf5,9c49d1dc-6802-4ad1-85b9-ca67f40f33f8,2025-05-06,Order,Mean continue gun position rate similar situation product.,Resolved,2025-05-12,8c8e42fafaa1e629aca57de9c5718a24
1ee676d7-37dd-4b38-940f-acf0df020960,fdcb347b-470a-477c-bbbb-b13c63aa0f8a,2025-03-15,Product,Option during view buy institution risk store foreign field score law billion.,Open,2025-05-21,56ea8b74e22da99674cdadd498200885
7c1a3725-4f55-47da-9dbd-b1707ff3f411,911e18b2-a5e5-4e2a-9886-3ac97b737548,2025-03-15,Payment,Station several mention example science those suddenly.,Resolved,2025-05-20,6c9aa09b6a53c2be47892819633a8947
a67712d8-89c6-40e0-a577-3ead712235de,66c13534-6d4d-4df5-80e8-1219333cac61,2025-02-13,Product,Occur pressure explain Republican American true ago usually include us get good recently similar decision.,Pending,2025-05-16,9c13e89d025573764a9e98d2fb4e7caa
480af3af-f641-4b33-a8d7-e9dfe2f8b84c,741c9345-eee3-4239-ac18-487bba7f31b7,2025-04-01,Account,Back artist series care check just form language student physical value even off conference exist.,Pending,2025-05-20,34327d014ea990f349d07638a2daa247
ba5da2ea-24a7-4dce-a0b0-d0def6f13dcb,83dcbd2d-4fe0-4aab-a4dd-0fad8fa6abcf,2025-02-22,Product,Describe language surface say speech eat other past admit.,Closed,2025-05-12,b8791fa84dfa1910a6878bdb31b9f1a5
a6f0d914-4132-4f3d-ba77-f65c5bb6674d,bf927ba1-9005-458b-8e78-dd9aa1e382aa,2025-04-21,Order,Them throughout outside exist story notice say left enter rest throughout.,Pending,2025-05-17,138aaba4b62ba5227a705acdaf130f22
1e27d7db-109a-4f75-ab45-ad90dd976e91,36e34703-85dd-4543-ae4c-71fd16b52d4b,2025-03-24,Order,Culture nor small probably major child hair determine top.,Closed,2025-05-14,d2a41caaaea21a3d2c4aa55f7d78c030
a2d4de57-cdb3-4c83-a85e-8ac562033924,f17e12f3-a36c-4083-ba51-7e7b80c3bb44,2025-04-27,Payment,Issue enjoy safe again feeling site treat worry make quickly however culture artist executive.,Closed,2025-05-16,93adb66f4b80820590d6df7954598059
b9706282-155b-495a-9201-cb8f10e15878,2e48129b-46eb-43ba-b0fd-a163df1ec271,2025-02-21,Account,Dark billion trade PM any fund whether from drive face green white thought guy itself cost.,Open,2025-05-13,d1f6bb7ed7f15bfab52947bb826e85c7
e9baef2b-14db-412f-976c-796bbb1dde59,0c5ff0a4-cbc1-49dc-9ed5-9145530536a4,2025-03-24,Payment,What professional data some until low wife share increase approach star partner serve feeling sound.,Closed,2025-05-19,ec1c633203075a4f190bc9f3e5518d09
df59905b-5502-416f-a9dc-92a187653c89,da1a1b39-3826-4312-8001-62e063765da4,2025-02-19,Payment,Me service anything cut list have form.,Open,2025-05-17,da3b79236f9700586e7508de46703ca6
a0b71488-893d-4f34-9fb8-8648407fd51c,cadbc659-df2b-4a0b-9931-4e92e693a21e,2025-04-06,Account,She behavior responsibility lead discuss hospital himself animal visit race drug attention.,Open,2025-05-20,049883d1415a0805dedbac3b1b8c68a7
69c4ee4f-8763-42d9-8005-cfa5f99073c1,ede5d411-63b7-4378-9e5a-8cadd43829ed,2025-03-23,Account,Model western third work national position agency.,Closed,2025-05-13,dce9a7e2b0f6d6e27532e51833cda9d5
eb12b19a-f708-47b2-85c9-028ae22d8594,f19c7f61-61c6-42ff-a94f-7aca97200bda,2025-02-14,Account,Head several culture bad blue subject community class expect almost remain rather.,Closed,2025-05-20,6b8fceb295bc7cf3605444d3a632be58
37313ada-e012-4c64-adcc-dfd546d1dbcd,bf927ba1-9005-458b-8e78-dd9aa1e382aa,2025-03-06,Account,Wait item matter amount travel program threat myself player million.,Pending,2025-05-19,f982c1d30cc6b00c4c70fef77b00be2f
d4af95e8-d2cc-406c-9387-e74ed32650cd,96c45fa2-97fd-420a-8429-f7ad7282972f,2025-02-17,Payment,Mother deep father weight last between sense significant it eat think thing source school myself.,Resolved,2025-05-15,24da2d99d039fe782693f2d8b5ae5fa2
c63b102d-43e7-4fb0-aaac-25aaf3ec16fd,1bee2e77-7866-4d02-9336-2dbbf491ec65,2025-04-01,Product,Control control she itself lose chance staff film.,Resolved,2025-05-12,9034f1ce52a9c148cf961f5bebd23d45
b150be47-6cb8-4169-a8bc-eeb457fe61a1,969aa8fd-d2ff-4dbc-8c7a-0b6dd57c1850,2025-03-08,Product,Possible create range coach manager star image kind size force behavior realize listen station.,Closed,2025-05-15,6aaf4622a9d53548c07b9bdd74ec751b
bfbfc33d-a8c0-42a8-80e1-64338432f80a,5284e028-7fb6-4018-89d5-ce025a319044,2025-03-09,Order,Note find money professional fill wear himself particular work notice reflect economic special form join financial.,Open,2025-05-13,5f9e8acee08fa6764c23460fbfb828a9
b0a0f088-1b08-4335-b5c8-32fe306b1929,2826d8f1-35e6-4900-8498-fdf07a4d7c64,2025-03-02,Payment,Evidence walk phone society on action new north heart she operation hospital property space ask today.,Resolved,2025-05-20,ed2864e3ff42b406b85fd7ee1579d255
760bfa55-9972-48a7-9298-1cedd08ca909,ede5d411-63b7-4378-9e5a-8cadd43829ed,2025-04-04,Product,Style office so drug sign picture thing carry himself.,Pending,2025-05-17,5736b710ad7ccebf79f749a7c54c60d9
e857c582-6d2e-41b0-940d-f260122c937e,ccfc05a4-1d83-42d7-b56b-edd0442404e8,2025-02-24,Account,Tough difficult debate magazine newspaper establish wonder push ask.,Open,2025-05-18,9efa1875d07d5b28204f124f8db3de84
d8221f48-dc4e-42f5-96b1-9a1741b35c05,3b824cf9-6fce-4fa0-9c41-4d00c15b113c,2025-03-23,Account,Turn religious writer white many each up skin foreign his son threat put last.,Pending,2025-05-16,4c915682a946673ff0be76c3fe0598ba
1cb48fc7-d963-4fea-8850-381e76d32e52,2ae0c39f-334b-437d-9088-55daee7da98a,2025-04-15,Product,Stay leave history quality approach good attack same trouble PM look interesting.,Pending,2025-05-19,d2e370f0562b9cd058a81b4716d322e6
ca5e7754-4d59-4507-a6f0-3bd85aff1df7,cdb5a849-dc66-4686-b464-55236546b3b8,2025-03-07,Order,Enough why trip close already in effort its cover edge education amount factor because rate issue.,Pending,2025-05-15,81c1fd582f42cca186789feaf0d32cd2
eb188746-158e-42a5-8134-e5c22967e65e,5284e028-7fb6-4018-89d5-ce025a319044,2025-03-27,Order,Tend case economic bar off occur month provide.,Open,2025-05-19,f125958a28bd15862797c6b946dd24b4
b912deca-7cbd-4b57-a670-d77732b61edd,a1dfb0b3-e0a4-434e-bd3e-f864bb8e20d0,2025-02-13,Product,Impact physical dog first system floor myself personal writer treatment strategy remember.,Resolved,2025-05-18,84289f3cdcc6342ff64213b4c09b5a4d
7707639b-3f0c-43c6-9e75-1a4572ef48c3,a59e82a7-aab4-4922-9df8-d5a5c318a175,2025-05-06,Order,Together improve yet control majority opportunity respond single can daughter benefit I turn season.,Closed,2025-05-18,ae47188f8b060b279c32e8cccf52b573
a99dcffc-b0fd-4e5c-bd61-c67640e6391c,e8c0f45f-cd66-448c-a642-f4e05dd7ea59,2025-04-11,Order,Say make although character owner more glass too.,Closed,2025-05-19,3f180a9ffc2249263d3ab6998975318f
4050bf20-5418-4709-9c82-b156b4fcb45f,6a9b8db5-6a3a-422d-bc2d-ff8536baf79d,2025-04-27,Product,Oil short gun out free car affect conference pattern investment whatever.,Open,2025-05-21,4e97f17719fa3a9c62cc87e141ce72fb
284e515c-7b82-47aa-8d31-75d9b6cebc40,a07aa4d0-30b4-4ee9-82ad-e2f4c2859e72,2025-03-11,Payment,First woman start and walk according low rule score hand.,Pending,2025-05-14,399ea0decf8089da6e156767621bfdd2
fbeb74a8-975e-492c-8d83-3af18833be6b,1036f013-cf05-4733-8326-ac9a3cdbd600,2025-02-14,Order,Baby other check threat cause husband onto explain sound cut least executive language.,Resolved,2025-05-13,ea9a2720d5ca47d2bda088e8a2dab2a5
4bebd8d8-9bc8-40b4-b630-17168a8a2fa4,67e1ddd9-9a02-441a-94c3-40b5171e11fe,2025-02-15,Order,Early participant kitchen eat beautiful including in huge amount develop I.,Resolved,2025-05-17,4bf374baaccf04e274c4f1c7328c92c0
22bdd02e-c1f2-49b6-9707-8f622604ff12,aec08085-8f9e-4644-b21a-c83e978d8d3a,2025-03-17,Order,Member industry certainly law forward change lead catch approach drop pick list.,Resolved,2025-05-12,48aa7ba73990a6312852f79738850210
e56eef26-ab49-418c-9e98-dedddc35ba4d,0ef07e55-fbdc-463a-9e1f-4231bf293988,2025-02-24,Account,Right both account whether tough suddenly true type near among often five whatever significant.,Closed,2025-05-14,065837113856f60652b2f27f6f723fb3
03f39fbe-333c-47dd-9e84-8d2db440ae6c,bb750fe5-f331-4f53-a4d5-62f4556bdd4b,2025-02-19,Order,Before him thank out special will half somebody off director recent discuss picture have morning.,Closed,2025-05-20,d0360fdfbd1c235f6151b7a0343adcfb
b59c4857-9ab5-42bf-8f6a-4af5900861b7,f19c7f61-61c6-42ff-a94f-7aca97200bda,2025-04-08,Product,Why that industry list argue kind father certainly board month allow even.,Open,2025-05-16,448d295765edab3093c514677b47003c
7eaef3a2-b575-4aac-8c3d-71ce19d8f68a,fbf4af5a-de5a-4ac0-9553-f38c1e073d10,2025-04-18,Payment,Include month free up former book agency result fight task present.,Closed,2025-05-12,126539fdc48e287b6b9f2c8f51b94c0b
c3882eef-6748-4772-ab36-466e586e7aa0,6b7959b4-fca7-45d1-8ef2-28bbb9f2aa07,2025-03-14,Order,Name allow firm anyone determine expect simple rich difference indicate shake.,Open,2025-05-12,7276a948c24072599d6a58e1e1e38733
ec09509d-a14a-4b00-b9dc-5fb8a6cadd2e,2826d8f1-35e6-4900-8498-fdf07a4d7c64,2025-03-13,Product,Remember happy few let that able standard tonight build side enjoy late large policy.,Resolved,2025-05-13,1f142af122ac3d31c9e73d8bf33b383c
eff7fab4-91df-45e2-bb2d-e74a27c30187,d78fb047-2670-494e-8d99-a36a1ede3c34,2025-02-20,Order,Action whom especially article standard game record performance necessary quite source television turn physical.,Closed,2025-05-18,c0bd55fc6ef61cc6513b893281759e4b
2406077e-22da-4fa1-94e9-aecb8552c4a7,71a9e3da-07c0-44c5-88a2-b41dad9dba3d,2025-04-24,Product,Begin politics suggest hear more law painting heart great behind weight door ready none.,Closed,2025-05-12,aff0f88aa8792c94dc4bee995eca2594
61ca1f42-3bef-43fa-ac87-9af9fc1e2b66,37ace1dc-7c05-43cf-a1c2-8126226e142b,2025-04-26,Payment,Wonder rate return throughout operation similar paper nature.,Pending,2025-05-15,ae6434bf39c34d598079c494e95bb4a0
7da75f2c-5585-4138-8c86-54040f0215ff,2504155f-5368-4685-90bd-e391c20ab142,2025-04-21,Account,Maintain deep threat explain matter mind require election.,Open,2025-05-15,ed73c21f1b397c0105fd37b6c86cb686
8ef39af3-6520-4767-a22e-6673f6d35917,bf722fc9-ec88-44e2-a3be-21228d83d058,2025-02-15,Payment,Go response picture up thank stock without free dark subject level professional system.,Resolved,2025-05-16,ddaca250e3f8728594557e25540d7167
a7df3d3b-2d4d-44ad-a00b-6ef811871d14,0f90b47f-9eac-4aa7-a86c-9e1923b32fce,2025-05-05,Account,According end conference activity Mrs possible international present return late ok standard.,Open,2025-05-16,3e636d093e6049872e33febdf8b1c5f6
2436e6e4-12e6-4f39-9927-657d70c61037,d78fb047-2670-494e-8d99-a36a1ede3c34,2025-02-13,Product,Within store price skin standard ask night mention tend.,Open,2025-05-20,f7315ab36a85080e1ec4a37b7aaedcec
9a8c1113-a7af-4829-a4fc-8ecaab9274eb,a17c10c0-9a1e-48c7-ae66-5143f6677a96,2025-02-22,Product,Wrong though small job about power operation.,Resolved,2025-05-18,bf50c4f4a504b65f4ab9692649c6b960
a409b462-0fa1-482d-99c2-7d7580a9ba2b,b3c6207e-69ae-4e95-8313-85db29001154,2025-02-11,Payment,Attack level any cultural career real project month general such property real left statement surface.,Open,2025-05-21,143378458ffc88d6c13dba63686ec570
afc9aea3-ad62-46e0-b093-bdc0b14dbd87,adb51ffd-a91c-4776-803a-b66420a19914,2025-02-15,Payment,Everyone open care history can where black from.,Closed,2025-05-19,46a8bc3e73e47332e04aa1e74f6b9f3d
af9b1f9f-2442-466f-89f5-189e933d26a5,2ae0c39f-334b-437d-9088-55daee7da98a,2025-04-15,Product,Training fill agreement make dark fish organization hospital sometimes rate wrong stage chance government staff such.,Closed,2025-05-14,1db38d088ef0f8efbc68be14e7d260b6
3beeb2fb-1301-46ea-84f3-1bbbc4df60e5,5af80985-ba1b-4f6e-84b8-7609fd7320b0,2025-03-18,Order,Drive until street value production someone room site particular goal any ground interesting.,Pending,2025-05-21,7f9d7fc7d84bafa75d290da46a13266d
70a440fc-2568-4baa-837c-64615844e088,f773eac5-4296-45f0-a1c0-988ee03e6a07,2025-03-08,Payment,Indeed list guy building candidate both risk energy last woman material parent health world up.,Resolved,2025-05-20,f4ee497e8dc4e2a5732fd3dd516bcbb4
96a2d0e5-f90d-4eca-8ef5-953597a2500f,1ec6401c-af70-4c67-9fcb-d23f4d81c222,2025-04-17,Product,Pressure fill Mr health page opportunity seem concern certain already bag customer.,Pending,2025-05-20,be56ae2eb00888859d5d4502fa6ec612
ab8c2e88-9807-499f-a8ed-3ed3404d27e2,c89a0380-1438-45a4-aab8-2e7a380e01e8,2025-03-19,Product,International official chance special born become inside one country hard question.,Pending,2025-05-14,746f523379c02766995d7169b9bc3457
5b4673a0-d933-405d-aff7-c64bf94d6229,98317645-3c94-4aae-9cff-a45ad134a373,2025-04-12,Account,Early new news always political morning middle scene.,Open,2025-05-21,137c335a1574fd296b8ca73219eb5cd7
f3a83f89-bede-4592-a608-62fa54df6915,8469b845-acb7-496e-9ed5-764b1282b1d9,2025-03-29,Payment,Discussion forget former interest commercial career push simply what effect mean box.,Resolved,2025-05-18,39161a6737501cb2066fd966ec5bffc0
c5a068f3-78c8-4e55-aa7c-39d3525d319f,cadbc659-df2b-4a0b-9931-4e92e693a21e,2025-02-26,Account,Opportunity professor culture second business discuss wind song case determine key least issue.,Resolved,2025-05-12,f7ae3a567d435e38eca3109af4cd5f87
1bbd3d7d-7871-43dc-a1bf-1ce3b17833a9,4657b329-b38e-44c3-8591-f1a528be8004,2025-04-29,Product,Nothing everybody return such health serve possible first whole realize.,Open,2025-05-18,fa6afe8909f35891bbf0ff52c4c2f4a1
1aad8de8-d3ba-4c78-b588-a24365492327,d78fb047-2670-494e-8d99-a36a1ede3c34,2025-04-22,Account,Sit none learn data trip protect deep political deal easy understand baby ready manager.,Open,2025-05-12,45c2112f868c20f7e795c92043546d45
ec91da58-9a07-416c-99a8-203208ce0403,f50575da-35f0-421a-a77f-47d30dbd3115,2025-05-05,Product,Cell why citizen peace middle run could option take late good individual think either current beyond.,Closed,2025-05-18,41354197469ffae74f7460044cf25f3f
bcd397a2-5901-4d9d-905f-d29948bc3c43,71a9e3da-07c0-44c5-88a2-b41dad9dba3d,2025-03-19,Payment,With southern Mr foot hundred service direction two poor evening soon art response administration.,Closed,2025-05-13,34fa95ff5fba05eba7d0205193329259
78624adf-c3cd-434b-9ca1-db834a5011ab,40fa3b88-71df-4dde-9671-1346206672c5,2025-05-05,Payment,Single or employee cover everything once boy whatever blood modern audience nation policy indeed.,Pending,2025-05-19,da6118c5e719625038add9a88933f048
cd3ae8a6-dcb0-45a7-9782-698c547cd5a5,9b437933-6c78-4429-bb3d-c932184be19e,2025-04-14,Order,Degree choose suggest physical early large well decision.,Closed,2025-05-15,9faeaf037990454e950be8d6c38e5bd8
c4c61e59-380b-41bb-80b9-fef3f62dffda,809d851c-b63c-44a0-9ddd-3b8240558030,2025-04-29,Payment,Thought back become respond also country leader how poor that student experience usually reach.,Closed,2025-05-16,48840f1086579b1409295e7b01798e0d
a053338a-bd5c-44ff-b1a5-35806d04c792,bf722fc9-ec88-44e2-a3be-21228d83d058,2025-03-01,Order,Strategy free follow indicate class treatment which store game economy hope.,Pending,2025-05-20,d2e9dd4d2b007a34c0a189dcd1f356e3
8ab9122e-5e2f-4e87-8e6f-1782656cf3af,43c631a5-c6f4-4cfe-b35d-b6f82ed4cbfa,2025-04-19,Product,Century economic expect majority team seek early far everybody.,Closed,2025-05-16,de82f59c1157af9188ffa098bcea4f54
99ef48d3-dd7b-4843-bbfa-8a17a0e49dda,c89a0380-1438-45a4-aab8-2e7a380e01e8,2025-05-10,Product,Truth soon unit street else rate result anything.,Resolved,2025-05-12,5c48a6a2b35dcf338644cccc9af974a9
7283cb37-851c-4993-8b70-de7a1e5c2580,ccfc05a4-1d83-42d7-b56b-edd0442404e8,2025-04-29,Account,Unit moment world anything official similar board couple card employee.,Pending,2025-05-21,2964854e5d5c0d8c785f1ce05dd15eee
ae3ece8c-37d1-462a-a7a0-476435b9143f,d954b66b-7306-47b3-9385-67ca95eb1d88,2025-04-23,Account,Science a color fact blood full attack method.,Closed,2025-05-19,ae117f683ddfa7db79de19d2acbdf22b
0d80d611-a2eb-4d27-aab3-e3a8375647bf,8ce52608-8abe-4ed7-bcd0-4158ea9b8c0f,2025-03-15,Account,Education stop more west from business despite culture hot room activity military wonder.,Pending,2025-05-19,9cf0350290e9b4acbb4ed651b1980a3a
e84007c4-f5bf-4f6b-976e-50cdb58194fe,c119a64a-ef55-400a-8be3-91b285635946,2025-04-29,Product,Forget issue service floor bring positive between health.,Open,2025-05-17,0c90d77b5a743f12cdaef5d780b7c21a
e51baa60-5551-4bfb-a785-75c586798237,9fa3a379-d7db-4484-8b71-5354f46c4166,2025-04-05,Order,Not region concern sort or color sport television poor.,Open,2025-05-13,58c2e2f23dca29aba4d99c6c4b75d59e
014c934d-caef-4851-b48a-cc8ff5bf8271,cadbc659-df2b-4a0b-9931-4e92e693a21e,2025-04-15,Order,Civil old parent mean face expect seem describe message gun reflect.,Open,2025-05-19,25c488eec26e640342e0d558dd44a653
68a929b0-2a57-4346-b339-e4c6f765c9b3,1bee2e77-7866-4d02-9336-2dbbf491ec65,2025-04-08,Order,Oil expect collection focus accept building class report blue few.,Pending,2025-05-12,e067f67f5d038a714b09e051899d89a6
d18db8cc-5018-4630-be6d-6583d53d6a5f,abf77610-a855-4d44-b732-f19a766d0410,2025-02-25,Account,People media few film peace me whether.,Closed,2025-05-16,64f4f7ddd946db5d0b30a3190c1acf7f
11f31bcb-c389-4bac-9f95-6d45067d7800,b1e25dd8-ad59-47b8-9137-a5a6c3550ad1,2025-03-22,Order,Person myself real chair cost son by product lead property we weight.,Pending,2025-05-17,c7fdf59432ebf56e6006a01d469cf9cb
5d2d4ebc-0632-40f0-be18-87629dee2cdf,278ca537-2d59-432f-8fb6-8c7ddf229383,2025-03-13,Product,Really office you whom course change box pressure throughout better article.,Resolved,2025-05-15,0d2af0618a53d03f2ead1fde63463d1d
b00d17d5-8ef6-41af-ba9b-dc1ea3ec5ab0,981d2954-8f3e-4f90-9b15-e2472cd3dee7,2025-05-07,Payment,Design grow stock move color who face myself value.,Open,2025-05-12,2238f1d653f0811cf667eab8fae0ba4f
a9b44781-a134-4a93-a458-5fab1f06cce3,d0dab7cc-d47f-4b01-9bb5-5baec13a9699,2025-04-22,Account,Challenge risk same edge company hotel street picture yourself.,Open,2025-05-13,d66c07d3dbc362c84361e6756588d6d5
2af88ad9-bba8-4b6d-b2c5-96eee11e5a1e,0c5ff0a4-cbc1-49dc-9ed5-9145530536a4,2025-02-11,Order,Finish visit whose thing city Mr kid always large.,Open,2025-05-16,01a84088079d9ddf5ebbc20d61e03842
2a48e939-2c68-4a52-990f-ddce0c1e9a91,32207c48-3db8-496a-bb65-491ecffbcb17,2025-02-13,Product,Significant people rule prepare play produce operation movement policy travel interview.,Pending,2025-05-16,0b2c36db6681f3f14159e907d59492a9
54b7e3cb-79da-492f-899a-4ebcc5528793,f53554cb-9eab-49c1-8b02-d7e29b1e7617,2025-05-10,Product,Few will red time material tell avoid large full soldier successful appear drop despite.,Open,2025-05-12,4d0b710786bde975adf26e0f0c7ff76f
12cb7f38-f7c8-4aeb-a8f4-e8cc7e948d04,0fd8efff-2556-4eb8-b525-f43645d78516,2025-05-07,Order,Take affect pull sound our television whom certain sometimes source case everybody.,Resolved,2025-05-17,a5ae892a229bf904abdb8c5eb6d910d9
a905d960-e2ee-4a17-a7e2-a047d1b98002,88b476b3-2645-4198-88cd-e128acefbc1f,2025-03-16,Order,Those join specific writer or debate concern your its rich send.,Open,2025-05-20,8413148a893f4ec045d462d09678ec62
6e18c586-4645-4add-9b71-8d19ccd2be37,4e8e8e57-ffb3-4e05-ab34-9061c89ca0a6,2025-03-05,Product,Nearly record detail price source college until office traditional possible wife phone since least prepare might.,Resolved,2025-05-17,0797e6926c2d878f709df20d47d0544e
d3319d17-38ae-464b-82ef-4991b0942843,adb51ffd-a91c-4776-803a-b66420a19914,2025-05-07,Payment,Ever practice discussion tough lead practice bad.,Pending,2025-05-19,cfd2c718bf6ecdff10f905ec9938a8fc
79d147bb-4501-4a88-b2a1-f497fe32d0b4,9685209e-8c2b-47d3-960c-8ae39d6dab64,2025-04-10,Account,Often audience ball interview official cost ball course economic religious result get.,Open,2025-05-21,816425f2b36c943800bb2cbac801be57
aff9528d-fea9-4c44-8045-bd3c2f769568,36e34703-85dd-4543-ae4c-71fd16b52d4b,2025-03-28,Product,Many heart rich necessary similar father executive.,Closed,2025-05-19,15abd3c6f6beb20c4811aeaecc07d4c2
843397c0-55e3-4497-b10a-e302accf4767,a59e82a7-aab4-4922-9df8-d5a5c318a175,2025-04-11,Account,Society human site lay mean region increase shoulder down various speech treatment grow particularly statement need.,Resolved,2025-05-20,7bf86bd3bc2363bd645b29ab14dfaf00
d0662b6c-b274-4172-a2ca-1ca3f972af0f,cadbc659-df2b-4a0b-9931-4e92e693a21e,2025-03-17,Order,Security clear he four beyond stage station remain score partner go.,Resolved,2025-05-13,2009da11ef97de2c6e2c52c35973d4a6
10cdb680-514e-4a3e-a1bf-925aea53e2cb,4bf43c4d-4d13-4e77-a50b-c176681c3f11,2025-04-08,Account,Decade read body section under between others marriage garden pull with southern investment.,Resolved,2025-05-16,a1b8a8717be30222821edde7cbd88725
34e3a339-7247-44d6-8b9c-18aa143dd27b,88b476b3-2645-4198-88cd-e128acefbc1f,2025-04-25,Order,Safe act table safe edge make market TV central down care term.,Open,2025-05-17,3851f041e664fdc47b3ef00a553c998e
f48ea0d2-be2d-4de6-b364-3715e7b71ade,075b10d3-562a-4a4a-99d8-9bcad1b783a3,2025-05-03,Order,Skin letter whether always remember third step common plan nation cause bag as society.,Pending,2025-05-18,cb7eed3cd33e67e71aba16719a4dc3d4
0190b592-85f0-413d-9d87-7946c2d9be98,c2eb3521-560b-438d-b2d2-4c2eff5ccd82,2025-05-01,Payment,President now discover war film kitchen radio see theory west build total kid first ok each.,Resolved,2025-05-18,8ce4173e8d1b6a1b632fdd472462650a
dd936514-8773-4c7e-9df4-93b93af5ecd3,f3a7b19e-8ee3-467c-a4a4-8ebdd8380e07,2025-05-08,Payment,Audience figure subject day wrong black administration movement idea wind.,Open,2025-05-12,1e3c98dd2089bce566bba38694befe24
9229e643-4a31-40cf-b113-f3f9f3848db5,1fdb77b7-d09f-4499-a17d-1a697434c5d6,2025-05-01,Payment,Rule free wife thousand pull ago dog until believe song during individual natural.,Closed,2025-05-16,cb8dd4eb01ceb6d00fd60313f48151fa
d830ad3d-6793-4ae6-a2bc-4d380076fa12,8fb25935-e521-4657-a16e-fba8d1854f4c,2025-04-21,Account,Quality truth can may fight relationship agency beautiful.,Open,2025-05-12,9e2dc789e439682f320f4fd336a26d2b
063ceac4-0a5e-4d28-bb7a-a96a455f9978,8469b845-acb7-496e-9ed5-764b1282b1d9,2025-02-24,Order,Energy institution interesting nearly mouth political place contain ask nothing off technology take decide campaign.,Resolved,2025-05-12,4234da2588597c05a11916e9bbf08215
4f809dfa-7b54-4867-a148-19f64639bc5d,66c13534-6d4d-4df5-80e8-1219333cac61,2025-03-10,Account,Popular professor eight right fill can analysis guess that source.,Closed,2025-05-15,08c233aa83ebc894860a540b20f06129
61b03924-b66b-49fc-a304-20e53df23ec7,1ec2631c-9ffc-4ee8-9d95-9dcdd4f4f657,2025-05-03,Order,Ability activity factor current doctor hand whether lay field another line wish chair.,Pending,2025-05-20,bfd2bbbef1b233725e61befbb1dd486c
5a864fcf-f015-4a83-a444-263f51ccfc14,9c49d1dc-6802-4ad1-85b9-ca67f40f33f8,2025-02-23,Order,Others ground sense yet less prevent major some baby mission.,Pending,2025-05-21,6e741d452b07cae87233c81bea2f2824
b990e081-f76c-436a-ac43-af10b51251a5,f53554cb-9eab-49c1-8b02-d7e29b1e7617,2025-04-10,Account,Wait never resource town statement make live just he as matter let baby smile paper.,Closed,2025-05-13,4ff4e9b03713850ea866fa8ca567e00a
008bd282-0f51-4214-9db9-320e6f13a80e,bfbe9206-4a04-4d6b-a85f-185add3ca8ca,2025-04-03,Payment,Development lead player claim everyone live although guess only five school improve member stock population.,Closed,2025-05-21,c67ba4aa4cdf415d989af2ceec8708db
b3b54055-b166-4bd2-a21b-c83f1a693d81,5284e028-7fb6-4018-89d5-ce025a319044,2025-03-27,Payment,Exactly Mrs together air which official idea find quality easy.,Resolved,2025-05-19,5a1aad29c0b99dc7c24d45e96c7888e4
93acce86-de44-4518-afb5-f44857a2f107,88b476b3-2645-4198-88cd-e128acefbc1f,2025-04-29,Account,Girl machine five former cover notice short much.,Pending,2025-05-15,c711ac21ff707b4bbb378f2ca27e5b7b
7c957f47-7fc3-471d-9fd9-b4872bdf4557,e959f959-8444-4d57-a07a-257da7b0a84d,2025-03-06,Payment,Result almost too still over short on large purpose first all improve might.,Pending,2025-05-17,7d21b3e533c510b9a2227b7cbad428b6
b3f18719-075f-4bf0-98b0-cdc111195268,34a42ee2-59d9-456f-85f7-7c7c53c7eee4,2025-05-09,Account,Across with school white avoid great learn prevent control rather get radio give from.,Resolved,2025-05-14,36ce0a6df8cbba89efc45d7cd2aeeff0
ad071efe-0d74-40d6-9fad-4d2985943d80,9fb9d931-c870-495b-80d5-ca0c808a22a2,2025-04-17,Account,Environment view support late voice might order including life whose themselves Mrs.,Open,2025-05-21,7f31b3e96f859803e6467cecbafa67d8
2859fc28-9838-4fa7-97b8-af5f1e9021de,83dcbd2d-4fe0-4aab-a4dd-0fad8fa6abcf,2025-04-09,Payment,Popular today career wind black understand science lay cause.,Closed,2025-05-20,5f9f11c108766bcecf667274ffe3449d
09f94f0c-c8b1-448e-aa52-2837d7f068c6,c89a0380-1438-45a4-aab8-2e7a380e01e8,2025-02-11,Payment,Against series financial service attention by community I read happen man.,Resolved,2025-05-20,eac88fba0e8c478c9b1a277417580de5
76b2b9a3-ff5c-4210-b0d1-146d06595ef9,fb42f717-1960-40df-8d22-8829ab963b34,2025-02-12,Product,Believe thought weight world necessary impact bank industry week chance item.,Open,2025-05-21,1db21ff2ca8712cf3fe513165a3e3736
0cc66cec-b14f-4905-9296-400d82e2d0fc,67e1ddd9-9a02-441a-94c3-40b5171e11fe,2025-03-11,Product,Statement which arrive else nature like boy administration brother leg single.,Pending,2025-05-14,058b03a47efe188697febb81a08c7ae1
411fcd02-bd14-474a-9706-aafc63a2765a,8a798773-f9fa-4d08-b303-50a803942598,2025-03-06,Product,For since realize process difference senior less care style.,Closed,2025-05-20,07d5b47db05a34f9eeb04449220cb72d
88388d9f-7727-4b49-bdfa-dfd2bfb7eaec,4657b329-b38e-44c3-8591-f1a528be8004,2025-03-24,Account,Not party lot throughout over specific art degree simply end whether message big less person.,Open,2025-05-20,359c89873f05267559fc008e14bd1e17
755af87a-dd6c-4ca6-ae1b-30ebc8cac9e0,e7f94088-5db1-4d2f-b307-f6ddb85f00db,2025-03-31,Order,Of end success claim level executive month black various court behavior international within each easy sport.,Open,2025-05-16,f3074acd4c4b297f44af2c89f6a6ce73
0df35c82-a771-4882-9dca-c8c98483340e,1cc90104-e968-4a68-baac-2dee082fbedc,2025-04-18,Order,Spring best skin coach happen ball stage arm early drug serve establish.,Open,2025-05-20,2a4c25f769b1ec59c735bdf899cf7ab5
a5053279-34b0-48fa-8657-3a678977f10a,b2598e19-bcb9-4470-8df4-01dbd5bfd20f,2025-05-03,Product,Government high radio fast win soldier site former here.,Closed,2025-05-15,11d9921b6402fe1b7854663e38291596
6253bfef-ab53-4313-925c-6d18bab20140,fb8389d2-0374-449c-9d8a-5da6091ff8a6,2025-02-19,Payment,Day authority from body at option turn agree case.,Resolved,2025-05-16,abb8de7680e93f4861ca877ea789f4bb
ca423523-3098-49ed-b38a-772f28ae12cf,41bbd022-bd2f-4424-ad2d-9e748b774ffa,2025-02-12,Payment,Bill say power data six guess campaign away push enter position interest until pressure.,Pending,2025-05-14,4411d9de13169d3380899d094de617c1
5e22bf7d-98b5-4512-abb8-1b59974d55eb,bb750fe5-f331-4f53-a4d5-62f4556bdd4b,2025-04-24,Account,Staff night prove firm interesting buy important white fine share number particularly.,Resolved,2025-05-15,cd9b89e30613c3e237e112c528498f48
1754210a-7de8-436a-9b9c-f1907430c085,0990c93e-ece2-48eb-87cd-daaa4f8e3634,2025-04-23,Payment,Including reduce move surface forget decide shake you first.,Resolved,2025-05-13,1321c0e5a5884ad78b43b1d6697de227
fa7431f3-78a0-4906-af47-d0c98f23b5eb,b5aadb4a-b56b-4108-9901-8cd74e6433c8,2025-03-21,Order,Camera political hard move especially partner stage prevent whose consumer course crime new or stay.,Closed,2025-05-18,19079abe83094b0f12003535c32d87b3
b300a652-1846-420f-9b1d-e9689c042967,6834204a-54db-4e3c-a5a8-745b8c83b914,2025-02-16,Account,We say pick then commercial military from unit many animal.,Closed,2025-05-18,6f70f280c431b63c548c3e429372be05
30918881-356d-4512-9f8a-c8317cf99c6d,f09d0133-4c33-4304-ab1f-5a3fd14fdb2b,2025-04-21,Product,Because rather through start space guess small state treatment group exactly red manage lot experience.,Open,2025-05-15,d153bb181e38428e10163cfd026589b6
b90bcb17-97fa-45d1-9ff6-1085688b5292,0d97d191-99d0-45a7-a9da-7690da74f138,2025-04-06,Order,Enough onto almost interview southern any across nothing them under hope national call.,Resolved,2025-05-21,e896d59781e439846430278daa15598a
d1c7addc-1346-43db-86a4-1aaf090198ed,da1a1b39-3826-4312-8001-62e063765da4,2025-04-17,Order,Hair half debate leg direction though young goal prepare face source again beyond building.,Pending,2025-05-15,0aeabc9025c28c8cc49a9a33a9c9cdc8
e34a878d-c3bf-496e-bd0b-788cac2c5c8a,6b7959b4-fca7-45d1-8ef2-28bbb9f2aa07,2025-02-13,Account,Church guess special government cup itself begin its of yard take sport center place.,Pending,2025-05-15,af94774d643f0d1e6b9ea2cb738d0f8a
25c94e90-8528-41c0-9b2e-98eeeeb6d8e8,a17c10c0-9a1e-48c7-ae66-5143f6677a96,2025-03-28,Order,Key century weight guess visit soldier religious.,Closed,2025-05-15,d8543e2f8e47daca842fb8e1c5c5a025
d1d7db06-a1ae-45ba-bf70-4c8eba5c5127,0f90b47f-9eac-4aa7-a86c-9e1923b32fce,2025-03-02,Order,Rate similar design he power discuss quite realize once.,Open,2025-05-14,aa8fc4283379dab256ddf83db4ef22ed
e53317a1-91fd-487b-943a-4ce21b482979,d1f946d1-c2a0-470e-be69-93fed80c38de,2025-04-17,Order,Meet most way visit least of choice under interview skill material travel now rise from sometimes.,Closed,2025-05-19,5e573e9ed8ffd3af7de206b93f4dd89b
1c08a32f-1889-49ec-9075-b097c7b7993b,41d0be2d-c164-4f89-ac49-02edfe09821b,2025-04-19,Order,Represent government lead medical break large cover body report explain road probably.,Open,2025-05-13,d00985f89df8668026fa63170cebb09d
ab72ac78-3c60-48c3-9aba-849d31a04b94,38456dda-dcf4-4866-8bda-d25e6786273d,2025-03-25,Account,More car certain radio total claim outside decade.,Open,2025-05-20,c0c62045d50ca961458298149cb60dc0
193c01eb-8508-4a57-9803-dcd90a3bbe37,efe0ba3e-eb60-41d6-ba63-e882f75b22aa,2025-05-10,Payment,Little bill impact staff report short everybody American rock.,Resolved,2025-05-16,eb8c7fbed6cfc3739344f979d2dc440f
fd9d20f9-8b41-48a1-b2ad-2dea663c4153,3f8ffb48-69f6-4c26-b9b9-6889039406d6,2025-03-15,Payment,Between clear help measure whatever who go visit religious source mother owner.,Pending,2025-05-12,6f6a820ce0aa203c8b7e7ce495fedb26
bce2ea33-15d8-42bc-a41b-d86f6232ebc4,2504155f-5368-4685-90bd-e391c20ab142,2025-03-29,Payment,Quickly full ground soldier usually with water kind use information loss.,Closed,2025-05-15,19eb8dfc0797dd71cb8c24ecc1c327e8
9a936084-f61f-43db-af1f-528e39dc4488,32207c48-3db8-496a-bb65-491ecffbcb17,2025-02-28,Account,Person five enter treat director police they cover skin resource.,Resolved,2025-05-18,0c73e380ff492fde6d21af0f229017dc
bc216e92-acc0-4406-8afa-637adc45da0b,0fd8efff-2556-4eb8-b525-f43645d78516,2025-03-03,Order,Industry second cost station general American case ability kid close either thus phone west recent history.,Resolved,2025-05-18,6cf9741ac75fac73aa22308cac35c7cc
fb7882e8-d711-498f-8a29-0d1df15d6ff8,0f0752de-a05c-46f6-8cb8-490dc38ca71f,2025-04-16,Account,Will unit gas themselves attention total live born ago consider night nice.,Pending,2025-05-12,59e581ab276a3ca0466606ebec12d0cf
64f62af5-10f9-4c0c-9c4b-d104b8923df8,a1c3228e-f0e3-4352-8b52-5cb54418c0df,2025-04-05,Order,Develop professor nothing guess live decide do last stop direction word partner writer threat.,Pending,2025-05-15,d810e5e2ba100fbc4fa346f1cc09e6b0
93476a20-5a5e-4405-ae04-c1c4f74a8ea3,2a78fec1-5fde-4104-b7ae-93d0c3c9a8ba,2025-02-19,Account,Military appear without civil real prove young paper stop recent moment.,Resolved,2025-05-16,6c6df643627957cc02dd03d7b64f1ac2
1bfbbe9d-f706-4911-8721-0b6b46034753,5f85f833-7720-4f8f-bf18-8f883b2ec93b,2025-04-04,Order,A arrive character agree pretty local the.,Resolved,2025-05-21,0d4821101f4a3293335271bde2a33974
5f9111d8-5fc7-4942-9e7a-21afaf51a88d,b5aadb4a-b56b-4108-9901-8cd74e6433c8,2025-02-22,Payment,Once sell evidence conference other poor follow including also doctor away foreign per sister perhaps.,Resolved,2025-05-20,2e2eb100f59ea25420f4b3bafa5aeb2e
153e253d-bdd6-4a97-8953-3d245484fe72,0f90b47f-9eac-4aa7-a86c-9e1923b32fce,2025-03-28,Account,Boy guess smile ahead cold add very moment arm its able painting.,Open,2025-05-12,151ad86f15230669256067e88cd3828b
d539587f-d4e2-4922-9a0b-c2645f7c9c8b,0051b3f7-d60c-470a-a8f8-f42cbab5baf7,2025-03-28,Order,Activity western safe business determine agency kitchen personal institution power middle sit.,Resolved,2025-05-15,1657d73a122ace32b2ac84d4ec9466bd
3780f576-3e85-4470-a7ba-4575e731ad78,38456dda-dcf4-4866-8bda-d25e6786273d,2025-03-16,Order,Full yard onto offer best friend father stock just top hospital perform quality campaign concern.,Open,2025-05-17,776364f1316475b88f3e91cef0a8c3a0
940f32b7-7629-455d-9fbe-740e3885deb0,272ed81b-7dba-4b4e-b8d3-548ccbb1ab8c,2025-03-15,Order,Music by short care final whose difficult network.,Resolved,2025-05-21,d1f72bdeef899ce82ac4d8f22eae4823
9e9cc2f0-32ee-4331-9e19-ac095f891ce8,562bb5ea-76a4-439a-9bc9-b14b71c6b2d3,2025-04-16,Payment,Tree radio read trade certainly main history production upon painting cut off.,Closed,2025-05-15,9e118705824c40847d4d73892903de48
eb908e6d-af1a-4370-bd75-0ea518520b04,83dcbd2d-4fe0-4aab-a4dd-0fad8fa6abcf,2025-02-21,Account,Six TV resource though last why kid thus nice theory information member street.,Open,2025-05-20,0ab3c11862948b48e1cfcfdb72cf59f3
dea6dd4b-9929-4d70-b8a5-6a8f03556c01,5284e028-7fb6-4018-89d5-ce025a319044,2025-05-09,Payment,Mouth land per whatever beat house specific join political within face before.,Resolved,2025-05-17,a05456b3331618daa240210eaea273d0
360eb403-bd97-4889-8b9c-9868e2668b16,278ca537-2d59-432f-8fb6-8c7ddf229383,2025-04-12,Account,President last particularly first lawyer appear whom everything defense such.,Open,2025-05-17,d0c1c2abdfcf8b293e380b5f9be026c0
039d3524-f2fd-468b-8cd8-24069e4e5507,3f8ffb48-69f6-4c26-b9b9-6889039406d6,2025-04-23,Product,Ground prove miss chair throw word worry just address key fall.,Open,2025-05-17,264470e567bd07121c5903a61eb850e0
c45b944c-baea-4236-9a1b-b16590ea921d,0d97d191-99d0-45a7-a9da-7690da74f138,2025-04-12,Account,Cut general soon study health skill condition it recently operation series street similar wait determine why.,Open,2025-05-20,89d3b9568fea0441faa18518d559968b
37c0192c-0b64-4073-bf92-a149176fccaa,40650a74-943c-49db-952c-f45361ae9c62,2025-02-26,Product,Well white simply brother hair through wrong writer child eat agree sister leader media.,Resolved,2025-05-18,343f7b76b7b382d53b1ee340d831321b
2acdd088-899a-4658-b60c-28c47a6888ee,1bee2e77-7866-4d02-9336-2dbbf491ec65,2025-03-16,Account,Boy doctor relationship consider simply herself according music rich a their true specific defense president animal.,Open,2025-05-14,7822e5843ec51323060e649428479a3e
5ed064ee-4cb6-444c-9c4d-1494cfba3b60,38456dda-dcf4-4866-8bda-d25e6786273d,2025-02-13,Order,Top environmental start wish start if pressure by middle its.,Resolved,2025-05-18,fdb8487c045d274257f28534b6334700
87b1a981-a4f2-4f5f-bb96-fae0f6cdf1ba,88b476b3-2645-4198-88cd-e128acefbc1f,2025-03-08,Account,Three own teacher tend sort staff agree marriage analysis analysis material voice between everyone dream the.,Pending,2025-05-12,e54d40303f260d811fa7b097c4f6b4ab
e6e1a60b-e402-4c34-a0c2-e394b7ecb124,f5e681fc-2ede-4a0c-aa82-4fe8e988bfbf,2025-02-15,Order,Run bag test major final wear culture nice bar rock stay.,Pending,2025-05-16,5257856135a5f3215bc1261d65cc52c7
93fc35b9-2b7a-4b5c-8692-e5e03b285bc1,2f4793c4-7778-4c9e-b186-1920172c8251,2025-03-06,Payment,Treat learn cost bag group long majority feeling according foot win street join business.,Resolved,2025-05-13,2d1ec3f7bc320019baeacb26761c179c
22d3fa88-1c84-4b34-836d-589e51b50842,9cfe1605-45ed-4c00-aa94-883a4763a9cd,2025-03-11,Product,Right film ever major gun doctor as board safe me like industry remember rather common.,Open,2025-05-19,d1a190ba8b3226ba4c4a1a5a392cd5d9
ba7e0009-21fe-4550-8256-55c0babea706,e037247b-0fa5-4dd6-8180-1295383d00c4,2025-02-26,Account,Day despite thank strong model subject truth but none.,Resolved,2025-05-12,10863eed0171f4bbe95fb4926811dcd1
556b3b70-444b-42ac-9066-2a0c881099ef,fdcb347b-470a-477c-bbbb-b13c63aa0f8a,2025-02-12,Order,Recognize but technology catch receive face event memory type go law somebody author stop.,Resolved,2025-05-20,9ce0cbb81e5be387d7a880c2a8a16f63
d4d98b61-5284-4f55-ad24-fffac7c7bc10,5d2a1b34-fcea-4223-b2f8-849a11dfbc37,2025-03-08,Product,Safe let receive hospital father individual operation discover.,Resolved,2025-05-13,723c141c0005a68b87bf266536e4ea94
7db74a59-60de-4097-b1a4-5be349805b78,626c792a-1bd7-4d7b-b8a2-7364513d8a9a,2025-05-08,Payment,I standard financial key husband turn standard watch.,Closed,2025-05-21,e366b4f5ad1c798c7c33a0169895df5b
c97d77fd-4e75-4c12-b3ae-5fbf382e8046,799ca916-cbc8-41fb-af29-a23787bca2ab,2025-05-01,Payment,Usually staff rest his technology lose hour no call matter scene garden political.,Resolved,2025-05-19,8ecb86121e3c26eb2cb6a40cd8dafb2a
73713924-a808-41aa-8e08-53c94980d7ac,d8559191-2154-4c5f-94bb-f7001a018b38,2025-03-25,Account,Forget fly continue make artist of Mr manager care next maintain.,Open,2025-05-13,5e8b0c490a76eec50f298ab426a49662
5be5e8dd-613d-41a6-a036-64449adc8d85,89a0c5ae-6d0b-47da-a9b5-51389b71ef39,2025-03-28,Product,Federal every coach issue reach network realize increase parent organization movie situation.,Closed,2025-05-14,db776c5dabfd662f7b247e3d3e1a21b7
94a12a1d-9d15-4908-9ae4-80d269e9fd2f,08c22a54-9f4c-453c-98da-bc0499e31b0d,2025-04-14,Order,It rate alone here look figure team it once early son because easy create name.,Resolved,2025-05-14,af713248598a58279e7b5b8792c98714
feff93c4-1958-4e05-b4c2-45b3e4e9bc0b,0b1a628c-391a-4bbd-a418-1280f34bc281,2025-04-07,Payment,Drop after bad two song meet protect hundred edge mother.,Resolved,2025-05-16,95961a7c0a5dd0d791c9a4bb54243772
745e1052-d0b1-4e47-928f-177b71496db5,9685209e-8c2b-47d3-960c-8ae39d6dab64,2025-04-02,Payment,Floor card face child hotel gas everybody include leader education lawyer west decision authority.,Open,2025-05-17,39a65e06e094ce92da98a8d11b04a322
7834d97d-0d8f-4994-b806-4e1364db742f,e7f94088-5db1-4d2f-b307-f6ddb85f00db,2025-04-07,Account,Current maybe Republican become drop give however interest pay wind easy would space my south.,Open,2025-05-16,0bf15f3ab12af81537d4257027bcc522
d1a16d57-99c8-4a25-a13f-08400bd753f5,d0dab7cc-d47f-4b01-9bb5-5baec13a9699,2025-04-20,Account,Join economy less move cell war hit animal but pass on book state same can.,Resolved,2025-05-17,d2bdec6ffbd33ca4621875cc742ae4c4
d310d182-d34d-49f0-b768-2c39f15b086e,b02a6b7b-7c0d-4aa3-814e-9392707fb425,2025-04-10,Order,Plant inside we option hotel those very exist it team student.,Open,2025-05-17,da276bf0ba49b6ffe009b7532f99704c
9b6af844-6a29-4cd3-b07d-7f8441a6c046,868341a9-407d-4cce-85cb-45affad6bdd7,2025-04-09,Payment,Course loss risk paper worry bed there capital write stage manager baby serve quickly.,Resolved,2025-05-19,9de8ea4c20f7db09c296803d08302b24
98b97112-3abf-4b50-b9af-d8d163fee6bc,aec08085-8f9e-4644-b21a-c83e978d8d3a,2025-03-13,Product,Student could western lawyer beyond campaign simply soon PM.,Closed,2025-05-18,9c5ae24386b65e75d7a2198e49282ed7
7bb3a37b-c9ee-42cf-92cf-ae1af09fbf5b,a4c5d14a-17c0-4e4c-b854-edafe1242e31,2025-02-15,Order,Together room him step spring rich indicate consumer along hospital interesting.,Closed,2025-05-14,52bab3bd7ccc2003746fe3da919a80d0
7222f24b-2ef3-46a7-858c-c70e434e2ae3,4e8e8e57-ffb3-4e05-ab34-9061c89ca0a6,2025-04-13,Product,Own world good miss explain rule himself follow purpose before.,Closed,2025-05-15,4b91d16b699bba0f8fc6d061572c5a5d
80cea22d-18b2-4dcf-8d49-b262adfe50d5,f19c7f61-61c6-42ff-a94f-7aca97200bda,2025-02-12,Payment,Approach manager finish talk series study assume event city center.,Pending,2025-05-15,8e3f411f3d617f060971bae22da8aa47
fd8b215f-5105-4053-b15a-c3c4e28f77dc,058c3a2a-b60a-4e7c-b559-b37c71752a30,2025-04-03,Order,Couple way any evidence address western outside scene east contain approach.,Closed,2025-05-19,b0a1e745afbb58b59df9046052be4d15
54951faa-837c-4ce1-8dec-5e24028a5762,153e38f0-9cdc-4e47-a260-1bb56302850f,2025-04-14,Account,Part letter cause establish few skin beat trade activity machine protect community question reflect drop.,Open,2025-05-13,1b06fc3be4e9297f6ab3ea293b2170a6
6de93b49-6a07-48e9-89e1-5edab5b92aa9,66c13534-6d4d-4df5-80e8-1219333cac61,2025-04-25,Order,Listen poor majority great either huge join kitchen live different fly newspaper blood life.,Closed,2025-05-13,054ea216fe58446c228ac496f0d39cdb
7ebbe61c-a841-4c6a-b400-4a36e9303619,f3a7b19e-8ee3-467c-a4a4-8ebdd8380e07,2025-02-28,Product,Image black through east describe sign seat camera entire leg anything catch attention.,Pending,2025-05-12,9303154bacf3212ab7e17b90f2e452e2
43ef6cc1-a9ba-40bf-b928-2cd92b44c7dd,9320258a-a533-4cda-88a9-309dceb96286,2025-04-14,Account,Debate effort take PM notice join line take.,Open,2025-05-18,daf04b12f443a25c3670ed8831726058
4577e370-1fe6-4665-b604-40d07fd6c9ba,bfbe9206-4a04-4d6b-a85f-185add3ca8ca,2025-04-11,Order,Mean through speech list Democrat this north story owner page analysis last.,Open,2025-05-13,d53f399ba6c8f49be03425a9d9d5e0e1
ffd9df8a-b42f-4f44-abbd-895fa6aa01eb,9cfe1605-45ed-4c00-aa94-883a4763a9cd,2025-04-18,Payment,Body worry get drug recent guy left turn we soon base school instead pull work almost.,Open,2025-05-20,15e1a457c3aa6ce3e60c96c34561f58e
c38ad0b1-9d0c-47a6-ab38-65155f4d5088,32207c48-3db8-496a-bb65-491ecffbcb17,2025-03-21,Product,Our animal response street couple economy democratic environment economy statement see nor.,Pending,2025-05-21,12e5604dc6543b8fb07129b26d6f07e6
0a8bf1dc-284b-480b-b0dc-ceeb0b185735,272ed81b-7dba-4b4e-b8d3-548ccbb1ab8c,2025-03-23,Account,Behavior challenge real wonder remain place leg change turn whatever huge matter five left another physical.,Closed,2025-05-17,f27eb792e546612cb12ef5ea8f6d446a
34d968fc-b54b-4649-9a54-763e98ab9715,c2ee1fcb-57d7-4c69-acdf-65dba90a8b24,2025-05-11,Account,Floor lot argue trouble could seek design add onto tonight program deep wish garden room.,Resolved,2025-05-17,da9dd1cffa77ccc2b2a5c6a8c93e5d59
5f1e7e3a-26e9-4caa-b2d9-b6350fee7ea4,058c3a2a-b60a-4e7c-b559-b37c71752a30,2025-04-14,Product,Use those exist hard including look need finally leg agreement eye sound point detail.,Open,2025-05-20,c148f1c19eefc1bb6e9501a722dbabdb
d53e122a-5c85-49ec-b8a8-72bf68331d02,88b476b3-2645-4198-88cd-e128acefbc1f,2025-03-10,Account,Government smile set including tell expect state assume father improve customer building.,Open,2025-05-15,c83e2f0a3b45a6070077150200e56fc6
49779102-fac6-418a-91c4-424555c95904,34a42ee2-59d9-456f-85f7-7c7c53c7eee4,2025-03-31,Product,Finish write attention writer hand skin successful matter notice hit.,Closed,2025-05-20,9ab2e1fa955f7d5ae33bf8020dd78574
48bcf976-a295-461a-9b5d-e69e0de21d64,71a9e3da-07c0-44c5-88a2-b41dad9dba3d,2025-05-01,Order,Guess oil force in among up TV truth director despite season check notice house evening.,Resolved,2025-05-15,4361d61be9b63cf99ba354dac2ccfb8e
08fc7643-01f3-4df8-8b27-f9acaa28d361,296ecfce-32bc-43bd-af92-35a09c790a53,2025-04-13,Order,Because nor contain thought for run full lose onto.,Closed,2025-05-16,11f848b53267fde50ff6df70fb748500
afe67fd4-1523-4fd3-a3da-02e0737fdde0,fdcb347b-470a-477c-bbbb-b13c63aa0f8a,2025-05-03,Account,Law candidate machine including event expect very fill arm peace.,Pending,2025-05-17,33e262462856b0e08bbfd6394f08db9f
1dd44e1f-4cf1-4421-8d0b-7902d962ee57,799ca916-cbc8-41fb-af29-a23787bca2ab,2025-02-15,Payment,Back so choice opportunity central administration single gun serious find without couple check parent hard.,Resolved,2025-05-13,74231c358f99ab2bc142ef30313ee699
4594084c-a1eb-4d91-9d25-d4af6fe79bee,4c934de6-afff-4a0f-bd6e-542bcf9749d3,2025-04-21,Account,Nothing today news agent source quality property special cup approach nation.,Open,2025-05-18,21c2b31e58a36c6e39d0ab3a6fe13791
71147bff-aebc-4b3f-8d77-02894ec73031,5284e028-7fb6-4018-89d5-ce025a319044,2025-03-03,Account,Seem idea reach agency week just choose field issue hot parent.,Open,2025-05-20,edef16b0e3a60bfe59142ff8564ec3cf
16ac4278-bf5c-43a9-ba7c-95cb94662740,109a1dc9-6f20-447a-b63a-9c674710342d,2025-04-06,Payment,Issue range above whose plant decision impact city radio green.,Resolved,2025-05-20,f874535e0c6ddec1b75e255f6ac19967
3b854f7b-6c15-4431-a5b9-b82fe502578c,fb42f717-1960-40df-8d22-8829ab963b34,2025-02-12,Product,Force often free plan close live continue herself seem chair southern sing force same city.,Closed,2025-05-14,4d255281235bbabc259eb6e7cd36e279
e3601500-9e65-4c25-8fe5-d4971dbdbad9,058c3a2a-b60a-4e7c-b559-b37c71752a30,2025-04-13,Account,Responsibility think two star paper close which road establish computer sit.,Closed,2025-05-20,6bdf26fb968203f616c5d9617bbe9b99
843acfe4-bacc-4490-8c50-0d5513406b3c,6b7959b4-fca7-45d1-8ef2-28bbb9f2aa07,2025-03-06,Payment,Point themselves within indicate black government visit fear rock hit national.,Resolved,2025-05-16,bb6feed1469005a6c579cb9fe4f9e58f
203292b9-6d21-4021-9be1-da18d81dd9a2,958eb126-40d5-4aaa-8f85-3c7e2a0409b1,2025-05-06,Order,How maybe nature serious second receive what wall pattern college will page world threat senior.,Resolved,2025-05-20,18a276d12a0d37a37c0867c54f9ae1a4
980cf5dc-65ea-4dba-922b-61bd0f5c5c3b,2f4793c4-7778-4c9e-b186-1920172c8251,2025-04-29,Order,Growth minute interview religious indicate beautiful project event sure window direction pretty than name name building.,Resolved,2025-05-19,3181ee75b77037467635c147eea36167
3309da86-2f2e-4f19-bf3a-65b7390d7140,a59e82a7-aab4-4922-9df8-d5a5c318a175,2025-04-23,Order,Environmental inside attention career strategy truth management management wide easy.,Closed,2025-05-19,e9dca6f06597cdcde461f13e099d2b29
b9ce17ac-6f21-488d-95af-c945d4e110c2,958eb126-40d5-4aaa-8f85-3c7e2a0409b1,2025-04-05,Order,Before pull citizen us agree history benefit.,Pending,2025-05-21,89e56ef94a3e9753fb285823de003161
13fa8d48-d3d4-464a-acb6-b410159dbd2c,d0dab7cc-d47f-4b01-9bb5-5baec13a9699,2025-03-18,Account,All phone drive between charge available crime sport house.,Pending,2025-05-21,e972a09b734be4639360b583de744c74
af835784-9768-4f3f-9d5b-42f87d9e9761,9b437933-6c78-4429-bb3d-c932184be19e,2025-04-18,Payment,Quickly fact above network bag machine contain business organization interview.,Pending,2025-05-14,8f3240ecb41f749584f455ee5734d097
5f25d825-49d8-44a6-9f21-6ec0201012c5,5af80985-ba1b-4f6e-84b8-7609fd7320b0,2025-02-14,Payment,Consumer girl adult summer each production lead player.,Pending,2025-05-16,bac1fe88d1b27e5a29957937a207bbce
045d09d2-2b06-4931-95c2-8f4c67daeb9e,b5693fb5-b671-4a2f-8a92-a4afee9bfe3a,2025-05-09,Account,Recently add recognize real prevent police sell bad leg than successful third start company family.,Resolved,2025-05-15,79e558b7de2898db8660c0f5093723e5
272b2b60-dbcf-40de-bd6a-803eceaeae76,a07aa4d0-30b4-4ee9-82ad-e2f4c2859e72,2025-04-03,Product,Either despite tell travel loss head authority expect manage itself.,Resolved,2025-05-13,b5e5eb761583a5caf117e0436b35dae9
37e8120d-204d-474e-8419-21d2c1546c53,1036f013-cf05-4733-8326-ac9a3cdbd600,2025-02-22,Order,With around resource need action lot mouth control almost effort another down yard rest.,Resolved,2025-05-12,7d39b8d4f58bb23a8b77e09e2b24dfaf
2faf84c4-7d17-4661-ad70-11c6aed91a6b,67e1ddd9-9a02-441a-94c3-40b5171e11fe,2025-05-05,Order,Value dark phone nothing box study cold herself race agent technology that Democrat enter away.,Pending,2025-05-14,463752edeb001f4818a3b0c99dfc6192
3bfd5fe4-9dc5-4899-8d6c-a8ce658e9a9d,4e3f4260-de01-4fe6-adfe-966435fe4ae2,2025-02-24,Payment,Cost late civil challenge than this because born job nor rise close.,Pending,2025-05-21,b841bba8aab93d3a2d23c5148d197362
791138fc-11c6-4153-b2fc-21d63897d0ce,b7c5a5ca-d832-4c89-b9fe-6357f56d3c09,2025-03-03,Product,Three management ago see base land book sort would.,Pending,2025-05-17,24733dd2d9ebecb4ba980b5e20e56a1a
b40dd68d-bc98-4bd1-828e-d6a30f3e70e4,5284e028-7fb6-4018-89d5-ce025a319044,2025-04-29,Product,In career our conference benefit country however either college kind sister color American of base.,Closed,2025-05-20,5acc5d6d2284aade2436eb11dcfa9c59
1bcc4735-b305-4c6a-b2e7-67ffbf14bf77,a1c3228e-f0e3-4352-8b52-5cb54418c0df,2025-04-30,Payment,Decade tax executive purpose guess culture part exactly avoid professor agree follow.,Closed,2025-05-15,b087b94af5fc3c79b11b9e608eacd972
e69427aa-a1c2-42f9-aa9a-d57fb2f2ca59,c89a0380-1438-45a4-aab8-2e7a380e01e8,2025-02-11,Account,Else floor natural include majority artist site mean job particular anyone according pretty dinner agency.,Pending,2025-05-17,10f0d71de405724f52cb4edf292ea727
9ea895d7-bcf7-46ee-bd4f-ef5e9213da98,868341a9-407d-4cce-85cb-45affad6bdd7,2025-03-21,Account,Process store fund member focus responsibility account marriage clear cold political.,Closed,2025-05-17,60b1d4cf42a95388cb006f7830f7f1f2
479b69ee-b4c5-4455-aaca-42d9fa66de18,f6c55da1-dffe-49e4-b771-807fdd6ce486,2025-03-06,Product,Nature north brother ready traditional candidate guess bed citizen.,Pending,2025-05-14,ae34fbcd6cee327b5ff13b2d4912dbcf
2445cb94-81b8-411e-bc66-d0e97fe517d0,c2ee1fcb-57d7-4c69-acdf-65dba90a8b24,2025-03-07,Payment,Interview crime himself all though others hair.,Pending,2025-05-14,bc325fc7d35168f24c848bd526fe57bd
2e65fbcf-c1ab-4044-bd1f-4232744a0425,4657b329-b38e-44c3-8591-f1a528be8004,2025-03-12,Account,Husband ask purpose point story task listen.,Closed,2025-05-12,15b4bc357f3429190a508910c3de469a
0fc6c14e-36bf-4143-8013-ddaa0ff1ace5,a4c5d14a-17c0-4e4c-b854-edafe1242e31,2025-04-21,Payment,Leave property even goal speech key itself member.,Closed,2025-05-16,358329712279bdc5032126f7b425437b
a7ae036b-fc2c-4ad8-abf9-cfcb346705fd,4657b329-b38e-44c3-8591-f1a528be8004,2025-03-01,Payment,Price clear western soldier stop language produce agent play myself bag east work miss officer trial.,Closed,2025-05-13,d00359a8ed53276dbf0bfb9810944d90
c0f24448-e826-42df-ab3d-c86c41d67ea6,2da9e68d-41de-4864-a528-1cb2ad71353d,2025-04-25,Account,Start friend imagine somebody I keep top once full environmental human.,Pending,2025-05-12,d76370e6aec104e99e54615da01d60af
906000ae-f67a-48e1-a2ae-1fb781a49a7f,272ed81b-7dba-4b4e-b8d3-548ccbb1ab8c,2025-02-20,Account,Although check behind instead former use low way serve always this program new edge.,Resolved,2025-05-16,5990b32a8a04f5e87411abe012c54821
f6911064-b15a-4f40-b669-43a48e6d5b69,1ec2631c-9ffc-4ee8-9d95-9dcdd4f4f657,2025-03-05,Payment,Laugh them key price follow couple chance pay government open ready.,Resolved,2025-05-18,290a821f8ebaef90c02b6533eba1a6c2
e76221f5-b620-42df-9bc6-ffd7e550bcd5,5af80985-ba1b-4f6e-84b8-7609fd7320b0,2025-03-08,Payment,Nor listen dog remember material without whatever people then couple pick fund line range administration.,Closed,2025-05-20,46a2edaf59360f1818a520665a1039aa
561c1910-549f-4fe9-9546-9e3af763f333,b2598e19-bcb9-4470-8df4-01dbd5bfd20f,2025-05-09,Order,Air spring drug me program crime paper more she experience experience.,Pending,2025-05-13,642505892cf26d97a63171e76305cada
a125de05-2cb2-4b65-94dc-273d5caac685,09f6e89f-27fc-4ff4-b239-dd1739af393d,2025-04-17,Account,Eat newspaper five serve somebody get report owner network need product if smile choose.,Resolved,2025-05-15,ea68f99d8fa501bf96ff5be4e208a42e
8f151173-4f59-4bb3-9b35-87b7309aafc0,e6dbb532-99ef-4b61-b4a3-1538899dbde2,2025-03-15,Order,Store tax time voice piece argue bit interest early single.,Closed,2025-05-13,45a4cd7180c33a48db5468172bf8b6bc
8df8edac-2c1c-4cdc-84b5-2520c423254e,b2598e19-bcb9-4470-8df4-01dbd5bfd20f,2025-03-08,Account,Begin huge cultural think world computer them deep commercial.,Resolved,2025-05-18,8c3f77ab4c9da11aafdc7b9e535cac01
7783ef11-3c49-4a58-b6a2-3296b4ceb8c8,bb750fe5-f331-4f53-a4d5-62f4556bdd4b,2025-04-06,Payment,Consider describe hair allow every hair son bring traditional present fill even fact.,Resolved,2025-05-13,0977a09ce9e41d7a9b9a04cf4ab97ff1
957ad604-620b-4d08-8037-7384b8565b21,e037247b-0fa5-4dd6-8180-1295383d00c4,2025-02-19,Payment,Black fund threat enter yard forward political coach.,Open,2025-05-21,a96e70259a3448c3f0f9f09725f9343e
680354eb-dc63-4951-9542-96b23d8a280c,ead53710-8391-4918-8be0-c635c8f19bb0,2025-02-18,Account,Never responsibility conference personal feel down body happen claim born without impact sell politics community edge.,Open,2025-05-16,9736be408c655d328e4fc8fcafa33b26
5ffc94dd-147b-45b1-8de8-ed9924c2ff93,a0c5a1b5-a25a-4560-b43e-819595ce5967,2025-03-10,Account,Only there wrong community kid daughter Democrat traditional peace.,Resolved,2025-05-18,ba49ae727d37d1dd65195f7f8b8a5897
1bae68ee-d914-4760-9685-89c2307eef28,479a87ac-a1be-453d-ac95-29ef6bd781dd,2025-03-19,Order,Speech growth take article firm budget happy want away more task lose notice true today.,Closed,2025-05-12,2b84b2f74c9d3172cadd8524994adaaf
0d09135a-b591-4143-ad4c-70fa80ea5ccb,cefaf017-bc4f-4883-8ae4-ad521206d6dd,2025-03-15,Order,Spend newspaper employee science young agent me cell identify feel wear sea movement quite.,Pending,2025-05-16,b540ce8e90b105d34c9b3fb309cdaa71
8293bcae-ea47-4e22-bc07-f913ab2f50fb,71a9e3da-07c0-44c5-88a2-b41dad9dba3d,2025-02-27,Order,Day answer stand audience environmental indeed international say opportunity box ago.,Open,2025-05-21,b2789e4dd6261d62b806f7545625c74b
94a66656-fc4c-470f-8250-087b70f6cf42,b02a6b7b-7c0d-4aa3-814e-9392707fb425,2025-05-05,Payment,Phone drug knowledge finally bill speech sometimes somebody million make what pick history across back significant.,Open,2025-05-17,665ad3acb18694cc9f861c7743ddf074
8951ea9a-cf9c-40a6-83b2-34dc3f27c53b,bb750fe5-f331-4f53-a4d5-62f4556bdd4b,2025-02-19,Payment,Ok bill too five catch yard bank analysis travel seven cost work.,Closed,2025-05-14,40d9150010716f4061b9497b1a5140cc
d79d79ed-2091-41bc-877a-4f3458c83a3a,b1e25dd8-ad59-47b8-9137-a5a6c3550ad1,2025-04-06,Account,Must smile while memory dinner card understand art hospital bag section pay far head sure peace.,Closed,2025-05-21,cb8762a507034481904825d8b53fc8a4
d8c241b8-8b83-47e6-86e5-a890b217f822,d78fb047-2670-494e-8d99-a36a1ede3c34,2025-03-19,Order,Page PM who measure end allow article attack be study carry hot politics development major east.,Open,2025-05-18,89cec9484b99b0b8f5e08490cd1a5259
ce39592a-8544-4a8d-9f96-5a817581b336,9cfe1605-45ed-4c00-aa94-883a4763a9cd,2025-05-11,Payment,Attack woman often college relate successful science remember outside lead food like join.,Pending,2025-05-21,4c26462a620dee9bea4bb48d2b4d7218
a2799d03-5be5-42b8-83ed-e947ed15a089,969aa8fd-d2ff-4dbc-8c7a-0b6dd57c1850,2025-05-09,Account,Reduce participant color director future material offer process over movement story hope its light.,Closed,2025-05-20,c56e29f8688c1f00b79c4f859e3d6362
b650a656-1e0d-49d8-85d6-0e913344d517,fa531511-a71d-4642-905d-b8d9edb2c7bb,2025-04-12,Product,American only painting role movement first sign stage.,Pending,2025-05-14,a17ae949066b7963e6955def5a5cec9a
252fa902-6f31-4cbf-8455-91238c62f9d1,47d7adf6-e8ce-4187-b4b5-bda85c87ad8c,2025-04-07,Payment,Window game speak score themselves most should plan.,Closed,2025-05-19,1167ebfae5d9de9f53d8c531a0844a73
4d7c56ff-1cd1-41a8-9d51-1791e0d4e902,e8c0f45f-cd66-448c-a642-f4e05dd7ea59,2025-04-13,Order,International address pay deep film life true admit main suddenly something beautiful become.,Pending,2025-05-15,70ee294a9a160ef36ee5270d9ed93fb8
e54e25a1-b617-4b79-a3e4-740aedfe524a,fbf4af5a-de5a-4ac0-9553-f38c1e073d10,2025-02-23,Product,Close carry financial pretty trip money theory candidate everyone old article give skill.,Closed,2025-05-19,bfccb2d6a951b3325400eaa523f0f612
6ce1e5e8-4651-45e5-a0cc-e7bad08ef08f,7dd2f702-b0c6-4fbb-af8f-340e7498465c,2025-03-05,Product,If drive church everybody each significant shake war former statement reveal individual.,Open,2025-05-20,3e109160fc0825feb5cde2f94fa13d52
4173f716-bb83-4055-bbbb-4b101a082462,f5e681fc-2ede-4a0c-aa82-4fe8e988bfbf,2025-05-11,Order,Similar follow to magazine teacher nice see risk road seek form color.,Pending,2025-05-16,db4c1566c8e6c98364b3b7b7fe9527bf
f9aa5e36-e833-428a-a95c-1a9655e40b81,0051b3f7-d60c-470a-a8f8-f42cbab5baf7,2025-05-01,Order,Stop information soldier suffer anything process south significant system system open play compare event rate.,Open,2025-05-17,e98eb5740e34c2be6b09af8955754b5b
49a4999e-e8a2-44e5-a037-e36bffe0627f,fdcb347b-470a-477c-bbbb-b13c63aa0f8a,2025-03-14,Account,Decade person many question once very pattern central star.,Closed,2025-05-20,2d227445e7d25064c0f42f6b93857df7
29cc1414-e668-47a7-bf77-aa7d13d61245,6b7959b4-fca7-45d1-8ef2-28bbb9f2aa07,2025-04-02,Account,Especially join arrive energy bed now bank can century nor floor threat.,Closed,2025-05-14,d2d1f112fc9876839924bbe184ac0860
7eadfcd3-34d6-4a0e-96b3-22543b175bb1,88b476b3-2645-4198-88cd-e128acefbc1f,2025-05-03,Product,Future religious cut walk that heart easy claim expect audience capital its cold even memory.,Pending,2025-05-13,2bd62f9e47e9d00347f9cbd48ca1d8a7
ed383618-630a-4bbd-bdbe-380f2a28a430,96c45fa2-97fd-420a-8429-f7ad7282972f,2025-02-13,Order,So daughter those baby money marriage many large miss practice top you throw.,Closed,2025-05-14,bd538f289401c527af2a9405850b346b
1c1881ab-8747-4a05-86d1-c296cae76193,1fdb77b7-d09f-4499-a17d-1a697434c5d6,2025-04-15,Payment,Reality American bill west at be this his yeah dark.,Resolved,2025-05-20,58b7d11849e3993daf0a04488ec32a6e
6dd3f67d-f2a5-48ff-bb88-e2a86a2bbea9,adb51ffd-a91c-4776-803a-b66420a19914,2025-04-30,Account,Article spring factor beautiful practice economic present ten approach Congress.,Resolved,2025-05-12,934e531524a1091c8fa63735dd054222
0928cb1a-a49b-476e-99ee-d8640ea8c854,862d9ea7-edf4-4292-93a5-a65ec34004df,2025-04-13,Product,Truth beautiful likely network answer citizen training all drive indeed right rich including vote situation lawyer.,Open,2025-05-17,9b7250fe49ad180f6eba92ed7539c141
f430d431-ada2-447d-8bea-6294c9de562e,d8346418-a6fd-4790-a776-669ec930f2f3,2025-03-16,Account,Help ground federal pay around economic while book former team economic group school book.,Resolved,2025-05-12,1ae55d5f835b1066d63c77894063b387
7813769d-7231-4f86-b106-056c80ce1025,abf77610-a855-4d44-b732-f19a766d0410,2025-02-24,Product,Person off he dog any peace seem court economic present these day.,Resolved,2025-05-20,3a666de0a7edfb1c8cb3da8163c3e9d7
db2bd822-c296-4607-a52c-62ef0e2c6a81,9fa3a379-d7db-4484-8b71-5354f46c4166,2025-04-24,Account,Find pressure fire section agreement age heavy admit.,Open,2025-05-13,56951fbe192fb42202bbf51af33533bb
94cfd945-c03c-46e1-baa3-354734c5f5b3,8a798773-f9fa-4d08-b303-50a803942598,2025-04-29,Payment,Add key response floor yourself second father spring local church usually toward information.,Closed,2025-05-15,b3c3732095d1bdadd777174309f2b4be
2aac7459-045a-4693-a5e1-6d5539febd67,4527b92e-e8c3-4233-8a3c-e46b5df6c972,2025-04-06,Account,Same effort career recently structure often economic company example join.,Resolved,2025-05-15,270afa39d0d46b180b9b7149fedc0be3
813e5a77-f71b-4532-a7a0-8863d55f5387,f17e12f3-a36c-4083-ba51-7e7b80c3bb44,2025-05-02,Payment,Truth general project citizen scientist simple guess per law shoulder claim national Mr most.,Pending,2025-05-21,7827c014665491f5a727dd042b40eeb6
5f095e4e-23a0-4e0b-b898-1e9bffb6bace,9685209e-8c2b-47d3-960c-8ae39d6dab64,2025-04-06,Account,Thus option three responsibility west feel owner weight himself rise person attack religious once finish staff.,Resolved,2025-05-19,533c00065f432956482d84f7558aa52a
9acd7579-7899-4692-a0a5-ffd021228672,abf77610-a855-4d44-b732-f19a766d0410,2025-03-11,Product,Item should certain station accept election why college their within these.,Pending,2025-05-20,d66bfc3da563943387687d45dd3e9086
89cb454e-d0f0-4437-93a0-a30d2a5459cb,da1a1b39-3826-4312-8001-62e063765da4,2025-04-03,Order,Many half eight three skin maybe like maintain reach share by range.,Resolved,2025-05-16,9b6cbaae7156901c9e96cf21a6d8adfe
7ea33efb-12a2-4940-8e4a-b7cd358ca71e,33dad4ee-7124-4b1e-901f-83e9dd4763d1,2025-03-26,Account,Security pattern send interest century politics gas.,Closed,2025-05-12,2f0d477a59b357c5feb1b7093f6b2ac3
5a02b88a-3996-4a7e-916b-9c875c843d30,278ca537-2d59-432f-8fb6-8c7ddf229383,2025-04-24,Payment,Traditional recently arm reality program left too allow play.,Pending,2025-05-14,f02623f3fdf711b858324b360bed487f
b822f14d-b2a2-4525-8a87-1f2f1c37c4a7,2b205523-ed3d-44f5-b558-9f90bea5b913,2025-03-09,Payment,Amount easy including develop fear second onto camera rate because those glass food.,Closed,2025-05-14,e72a3f0deba8899d1fc67dd56eb9d8d6
4275eda9-3f7e-426f-86b3-70b9426569e6,1ec2631c-9ffc-4ee8-9d95-9dcdd4f4f657,2025-03-30,Payment,Eye condition me TV them than set senior majority tonight full bed.,Closed,2025-05-16,3ce8a802d15ffb239ae5e116b90b7959
8180fcdc-bfc6-44e7-8f35-4e507fcf1542,562bb5ea-76a4-439a-9bc9-b14b71c6b2d3,2025-04-18,Account,Institution this minute meet girl sea body.,Open,2025-05-15,a2879d05f830285440098fe20b0a32e9
f63f48c1-fccd-4fb6-a397-ba27461dda37,fb8389d2-0374-449c-9d8a-5da6091ff8a6,2025-03-18,Product,Quality ball instead nice old feeling amount dream various dream economy police game.,Open,2025-05-16,01e370680ee812b5071cb45c92f265c0
0d1eabd2-fa28-4ebe-b579-fb21a55dd55e,fb42f717-1960-40df-8d22-8829ab963b34,2025-03-13,Order,Receive bring trade despite only indeed could capital trade.,Resolved,2025-05-12,a01e4dcb1c427d14ac18b452d46dcbe6
